player_id,player_name,pa,batted_balls,pitches_seen,barrels,r_plus_rbi,xwoba,ev90,chase_rate,sb,hr,r,rbi,avg
605412,Joe Panik,143,156,540,1,7.0,0.3340851063829788,99.1,0.18620689655172415,0,1,0.0,7.0,
606192,Teoscar Hernández,211,220,865,23,37.0,0.5489999999999999,107.53999999999999,0.3042505592841163,0,16,0.0,37.0,
666971,Lourdes Gurriel,229,283,851,19,35.0,0.42136585365853657,103.5,0.34146341463414637,0,11,0.0,35.0,
665489,Vladimir Guerrero,246,294,920,16,34.0,0.3665300546448087,106.3,0.2510204081632653,0,9,0.0,34.0,
668227,Randy Arozarena,80,88,341,6,11.0,0.4616739130434783,104.09,0.2608695652173913,0,7,0.0,11.0,
664040,Brandon Lowe,228,242,900,24,38.0,0.4630142857142857,104.7,0.21300448430493274,0,14,0.0,38.0,
596847,Ji Man Choi,144,161,601,3,18.0,0.3095681818181818,103.1,0.2222222222222222,0,3,0.0,18.0,
545341,Randal Grichuk,234,302,873,19,35.0,0.40033928571428573,103.55000000000001,0.34279475982532753,0,12,0.0,35.0,
666182,Bo Bichette,131,193,483,12,25.0,0.4355858585858586,102.76,0.44,0,5,0.0,25.0,
624415,Cavan Biggio,269,274,1128,9,30.0,0.32528750000000006,99.77,0.13708260105448156,0,8,0.0,30.0,
642133,Rowdy Tellez,128,148,446,8,25.0,0.42305434782608703,106.46000000000001,0.34146341463414637,0,8,0.0,25.0,
572287,Mike Zunino,87,84,398,6,10.0,0.41965789473684206,101.66000000000001,0.3108108108108108,0,4,0.0,10.0,
595281,Kevin Kiermaier,161,182,663,6,22.0,0.3600909090909091,102.33000000000001,0.23728813559322035,0,3,0.0,22.0,
622534,Manuel Margot,162,187,597,6,14.0,0.3200081300813008,101.6,0.3114754098360656,0,2,0.0,14.0,
621563,Joey Wendle,186,256,687,5,18.0,0.3324360902255639,100.4,0.36235955056179775,0,4,0.0,18.0,
642715,Willy Adames,208,202,838,11,25.0,0.43131531531531536,104.76000000000002,0.26057906458797325,0,8,0.0,25.0,
663993,Nathaniel Lowe,77,77,305,6,11.0,0.432925,102.7,0.20833333333333334,0,4,0.0,11.0,
643376,Danny Jansen,149,167,584,8,20.0,0.3776914893617021,99.64,0.20253164556962025,0,6,0.0,20.0,
592669,Hunter Renfroe,140,132,575,8,25.0,0.3647439024390244,103.58999999999999,0.26755852842809363,0,8,0.0,25.0,
542340,Jonathan Villar,208,235,811,2,18.0,0.29701538461538457,101.89999999999999,0.33698030634573306,0,2,0.0,18.0,
660294,Yoshi Tsutsugo,186,219,851,10,24.0,0.3942110091743119,101.44000000000001,0.1744186046511628,0,8,0.0,24.0,
621566,Matt Olson,247,243,1020,17,44.0,0.4494885496183206,105.34,0.2,0,14,0.0,44.0,
543760,Marcus Semien,240,303,1001,8,25.0,0.3044382716049383,99.76,0.18235294117647058,0,7,0.0,25.0,
543257,Robbie Grossman,194,244,772,7,24.0,0.34118604651162787,100.37,0.21227621483375958,0,8,0.0,24.0,
663611,Nick Madrigal,113,163,441,0,12.0,0.29947474747474745,96.03999999999999,0.2545454545454545,0,0,0.0,12.0,
544725,Leury García,67,87,244,3,9.0,0.33142307692307693,97.38,0.3220338983050847,0,3,0.0,9.0,
641553,Adam Engel,97,111,362,6,13.0,0.3536231884057971,102.6,0.32460732984293195,0,4,0.0,13.0,
600303,Tommy La Stella,232,295,953,9,25.0,0.3187,98.9,0.21505376344086022,0,5,0.0,25.0,
669221,Sean Murphy,143,158,595,10,14.0,0.40861728395061725,104.96000000000001,0.20195439739413681,0,7,0.0,14.0,
640461,Chad Pinder,64,81,234,4,8.0,0.3866222222222222,104.1,0.2631578947368421,0,2,0.0,8.0,
657656,Ramón Laureano,225,238,908,12,26.0,0.37855384615384613,102.85000000000001,0.2336244541484716,0,6,0.0,26.0,
571875,Jake Lamb,102,121,440,6,11.0,0.40492424242424246,102.2,0.2605042016806723,0,3,0.0,11.0,
592192,Mark Canha,245,261,1071,11,36.0,0.37659154929577465,100.5,0.1930783242258652,0,5,0.0,36.0,
673357,Luis Robert,231,264,894,17,31.0,0.44017424242424236,103.5,0.40039447731755423,0,11,0.0,31.0,
543510,James McCann,115,139,469,6,16.0,0.43142857142857144,101.5,0.2803347280334728,0,7,0.0,16.0,
547989,José Abreu,266,332,1047,28,63.0,0.5079086021505377,106.3,0.32062391681109187,0,20,0.0,63.0,
518735,Yasmani Grandal,198,176,883,9,29.0,0.42285046728971964,103.1,0.20217391304347826,0,9,0.0,29.0,
660162,Yoán Moncada,235,254,998,8,26.0,0.3540681818181818,101.0,0.2701252236135957,0,6,0.0,26.0,
641313,Tim Anderson,225,278,794,17,21.0,0.4293765432098765,101.76,0.39473684210526316,0,10,0.0,21.0,
593871,Jorge Polanco,230,308,915,5,19.0,0.3262888888888889,99.6,0.23093681917211328,0,4,0.0,19.0,
593934,Miguel Sanó,208,199,888,22,25.0,0.5573535353535354,109.68,0.27800829875518673,0,13,0.0,25.0,
592696,Eddie Rosario,233,294,841,11,44.0,0.3350662983425414,99.87,0.39478957915831664,0,13,0.0,44.0,
608324,Alex Bregman,185,215,762,5,22.0,0.3205648854961832,100.47999999999999,0.18295739348370926,0,6,0.0,22.0,
488726,Michael Brantley,193,221,739,7,24.0,0.34892465753424656,100.9,0.2,0,5,0.0,24.0,
514888,José Altuve,216,275,784,7,19.0,0.2995548387096774,100.12,0.347926267281106,0,5,0.0,19.0,
543807,George Springer,227,263,839,19,33.0,0.4419166666666666,104.12,0.2408256880733945,0,14,0.0,33.0,
455117,Martín Maldonado,169,181,711,7,26.0,0.38194318181818177,98.6,0.24119241192411925,0,6,0.0,26.0,
502210,Josh Reddick,214,277,849,7,26.0,0.33341216216216213,100.94,0.2552204176334107,0,4,0.0,26.0,
621043,Carlos Correa,224,271,894,9,25.0,0.36777777777777787,101.4,0.31643002028397565,0,5,0.0,25.0,
493329,Yuli Gurriel,234,300,804,7,26.0,0.33851052631578954,101.41000000000001,0.34467120181405897,0,6,0.0,26.0,
443558,Nelson Cruz,214,234,862,20,34.0,0.5012677165354331,105.34,0.30962343096234307,0,16,0.0,34.0,
596146,Max Kepler,200,242,786,7,24.0,0.3625220588235294,102.5,0.23774509803921567,0,9,0.0,24.0,
621439,Byron Buxton,139,184,460,13,28.0,0.4371041666666666,105.88000000000001,0.5043478260869565,0,13,0.0,28.0,
663656,Kyle Tucker,230,308,878,15,44.0,0.3772321428571428,102.66,0.2678185745140389,0,9,0.0,44.0,
650333,Luis Arráez,125,187,534,4,14.0,0.36357142857142855,97.84,0.23693379790940766,0,0,0.0,14.0,
503556,Marwin González,203,232,811,7,24.0,0.3543642857142857,101.39,0.26450116009280744,0,5,0.0,24.0,
641598,Mitch Garver,83,69,389,3,5.0,0.3841111111111111,106.62,0.15920398009950248,0,2,0.0,5.0,
680777,Ryan Jeffers,64,68,262,6,7.0,0.44870270270270274,104.97,0.23529411764705882,0,3,0.0,7.0,
592261,Delino DeShields,124,138,461,1,9.0,0.28721176470588233,96.6,0.24669603524229075,0,0,0.0,9.0,
571980,Tyler Naquin,145,187,537,9,22.0,0.4350210526315789,103.5,0.35842293906810035,0,4,0.0,22.0,
506702,Sandy León,82,90,357,2,4.0,0.3182444444444444,100.58000000000001,0.26903553299492383,0,2,0.0,4.0,
647304,Josh Naylor,108,151,389,5,7.0,0.36070786516853937,103.4,0.2760416666666667,0,2,0.0,7.0,
614177,Franmil Reyes,245,247,997,19,36.0,0.44518620689655175,105.36000000000001,0.2753623188405797,0,9,0.0,36.0,
543309,Kyle Higashioka,54,72,191,5,10.0,0.38375609756097556,100.98,0.32558139534883723,0,4,0.0,10.0,
458731,Brett Gardner,163,163,670,6,18.0,0.34912999999999994,102.22,0.1710914454277286,0,6,0.0,18.0,
650402,Gleyber Torres,165,173,695,5,21.0,0.34438738738738733,102.0,0.1972972972972973,0,4,0.0,21.0,
570482,Gio Urshela,179,225,649,9,34.0,0.40133834586466166,102.16,0.2852941176470588,0,6,0.0,34.0,
519317,Giancarlo Stanton,98,84,439,10,12.0,0.5421923076923076,111.05000000000001,0.22519083969465647,0,5,0.0,12.0,
572228,Luke Voit,239,296,929,21,56.0,0.4852883435582822,103.75,0.2721649484536082,0,22,0.0,56.0,
467793,Carlos Santana,259,288,1137,11,35.0,0.37529268292682927,101.63,0.16455696202531644,0,8,0.0,35.0,
608070,José Ramírez,258,374,1164,18,48.0,0.3931620111731844,103.35,0.22843450479233227,0,17,0.0,48.0,
514917,César Hernández,265,337,1090,7,21.0,0.3614860335195531,100.74000000000001,0.22603978300180833,0,3,0.0,21.0,
596019,Francisco Lindor,269,397,1135,11,27.0,0.36251515151515146,100.54,0.2976,0,8,0.0,27.0,
543305,Aaron Hicks,215,234,943,9,22.0,0.37317557251908395,103.3,0.152,0,6,0.0,22.0,
592450,Aaron Judge,119,119,504,9,24.0,0.5023,107.22,0.22614840989399293,0,10,0.0,24.0,
518934,DJ LeMahieu,221,297,847,5,28.0,0.37306249999999996,102.38000000000001,0.23990498812351543,0,10,0.0,28.0,
547379,Roberto Pérez,113,104,503,2,5.0,0.35713333333333336,101.3,0.1581196581196581,0,1,0.0,5.0,
605137,Josh Bell,219,233,857,12,22.0,0.36472142857142853,104.4,0.2685370741482966,0,8,0.0,22.0,
592567,Colin Moran,200,247,809,17,25.0,0.4475952380952381,103.5,0.35698924731182796,0,10,0.0,25.0,
663647,Ke'Bryan Hayes,93,123,388,6,12.0,0.432125,104.92,0.27906976744186046,0,5,0.0,12.0,
640458,Óscar Mercado,93,108,366,1,7.0,0.22696721311475407,99.33,0.2692307692307692,0,1,0.0,7.0,
624428,Adam Frazier,230,298,885,7,24.0,0.32304597701149423,98.2,0.24669603524229075,0,7,0.0,24.0,
591741,José Osuna,82,96,308,8,11.0,0.38895161290322583,104.9,0.3051948051948052,0,4,0.0,11.0,
595375,JT Riddle,69,91,244,2,1.0,0.2888269230769231,98.9,0.33587786259541985,0,1,0.0,1.0,
656669,Jordan Luplow,92,122,398,4,8.0,0.30315,100.66000000000003,0.21296296296296297,0,2,0.0,8.0,
570481,Erik González,193,213,661,9,20.0,0.374796992481203,102.68,0.3514285714285714,0,3,0.0,20.0,
668804,Bryan Reynolds,208,248,863,13,20.0,0.3765078125,103.03,0.2769556025369979,0,7,0.0,20.0,
608577,Nomar Mazara,149,176,611,7,16.0,0.3688478260869565,103.1,0.33534743202416917,0,1,0.0,16.0,
429665,Edwin Encarnación,181,202,791,14,20.0,0.3479056603773585,102.82000000000001,0.29854368932038833,0,10,0.0,20.0,
623520,David Bote,145,149,599,9,29.0,0.3918953488372093,104.8,0.21656050955414013,0,7,0.0,29.0,
605170,Víctor Caratini,131,142,541,3,16.0,0.3247176470588235,102.7,0.20557491289198607,0,1,0.0,16.0,
595879,Javier Báez,235,249,909,12,28.0,0.37404794520547946,103.64,0.38593155893536124,0,8,0.0,28.0,
592178,Kris Bryant,148,178,600,5,14.0,0.3275384615384615,99.95,0.23824451410658307,0,4,0.0,14.0,
656941,Kyle Schwarber,223,253,955,14,25.0,0.4289590163934426,104.2,0.27798507462686567,0,11,0.0,25.0,
457727,Cameron Maybin,101,116,398,4,7.0,0.3461044776119403,100.5,0.21,0,1,0.0,7.0,
663538,Nico Hoerner,126,166,523,1,13.0,0.29034117647058827,98.5,0.3249097472924188,0,0,0.0,13.0,
543401,Jason Kipnis,136,148,593,7,17.0,0.32785333333333333,99.76,0.23322683706070288,0,3,0.0,17.0,
592348,Niko Goodrum,179,180,775,9,20.0,0.36827173913043476,100.81,0.26128266033254155,0,5,0.0,20.0,
663662,Daz Cameron,59,71,237,1,3.0,0.2960789473684211,102.4,0.3418803418803419,0,0,0.0,3.0,
622682,Víctor Reyes,213,287,810,6,17.0,0.38281410256410253,100.06000000000002,0.4168564920273349,0,4,0.0,17.0,
521692,Salvador Pérez,156,207,563,16,32.0,0.5274159292035399,102.94,0.43478260869565216,0,11,0.0,32.0,
609275,Adalberto Mondesí,234,240,847,11,22.0,0.33340000000000003,103.02,0.350109409190372,0,6,0.0,22.0,
593160,Whit Merrifield,265,375,996,11,34.0,0.34822685185185187,98.12,0.27984344422700586,0,9,0.0,34.0,
670032,Nicky Lopez,192,237,749,2,13.0,0.3038015267175573,97.94,0.2519893899204244,0,1,0.0,13.0,
670623,Isaac Paredes,108,138,449,0,6.0,0.2830666666666667,101.29,0.24786324786324787,0,1,0.0,6.0,
593528,Jorge Bonifacio,95,123,370,2,17.0,0.3052295081967213,96.66,0.3401015228426396,0,2,0.0,17.0,
658668,Edward Olivares,101,137,402,4,11.0,0.34770833333333334,99.9,0.32367149758454106,0,3,0.0,11.0,
643436,Ryan McBroom,85,89,363,7,11.0,0.44525490196078427,102.72,0.31527093596059114,0,6,0.0,11.0,
641531,Hunter Dozier,186,187,725,9,12.0,0.3757614678899082,103.28,0.24444444444444444,0,6,0.0,12.0,
596748,Maikel Franco,243,318,944,11,41.0,0.34387700534759363,104.66,0.32761904761904764,0,8,0.0,41.0,
621514,Christin Stewart,100,118,387,7,9.0,0.3577049180327868,100.94999999999999,0.3300970873786408,0,3,0.0,9.0,
460086,Alex Gordon,185,232,707,4,12.0,0.3276349206349206,100.58,0.23978201634877383,0,4,0.0,12.0,
660271,Shohei Ohtani,175,198,739,11,25.0,0.4072135922330097,101.58000000000001,0.24175824175824176,0,7,0.0,25.0,
621493,Taylor Ward,102,120,391,3,6.0,0.3845454545454546,103.01,0.24175824175824176,0,0,0.0,6.0,
665120,Jared Walsh,108,137,393,11,26.0,0.3921149425287357,104.84,0.3316582914572864,0,9,0.0,26.0,
571771,Enrique Hernández,148,186,556,8,20.0,0.3415871559633028,102.75,0.3006993006993007,0,5,0.0,20.0,
621035,Chris Taylor,215,224,858,15,38.0,0.4440384615384615,102.91000000000001,0.17312072892938496,0,8,0.0,38.0,
669257,Will Smith,136,172,610,12,27.0,0.43275268817204304,102.57,0.15286624203821655,0,8,0.0,27.0,
664058,David Fletcher,230,283,906,1,18.0,0.30953513513513514,95.5,0.25526932084309134,0,3,0.0,18.0,
666158,Gavin Lux,69,81,277,3,8.0,0.30597727272727276,99.5,0.2158273381294964,0,3,0.0,8.0,
621458,Edwin Ríos,83,83,293,8,17.0,0.49389655172413793,104.64,0.3333333333333333,0,8,0.0,17.0,
608369,Corey Seager,232,292,807,28,44.0,0.49698850574712644,105.79,0.3026634382566586,0,15,0.0,44.0,
572041,AJ Pollock,210,240,746,16,36.0,0.4169602649006623,102.83,0.2991913746630728,0,16,0.0,36.0,
592626,Joc Pederson,138,152,550,9,17.0,0.40172093023255817,106.28999999999999,0.28368794326241137,0,7,0.0,17.0,
457708,Justin Upton,166,189,682,9,22.0,0.39232380952380946,104.56000000000002,0.22188449848024316,0,9,0.0,22.0,
621532,Anthony Bemboom,61,63,223,1,5.0,0.29539473684210527,98.06,0.22641509433962265,0,3,0.0,5.0,
666176,Jo Adell,132,132,547,3,8.0,0.346223880597015,106.1,0.3412969283276451,0,3,0.0,8.0,
605131,Austin Barnes,104,114,390,1,9.0,0.2731076923076923,101.26,0.16304347826086957,0,1,0.0,9.0,
571970,Max Muncy,248,251,1100,18,30.0,0.4127931034482759,102.2,0.15916955017301038,0,12,0.0,30.0,
457759,Justin Turner,175,201,681,14,25.0,0.43137096774193545,101.5,0.18895348837209303,0,4,0.0,25.0,
501303,Ehire Adrianza,101,135,406,2,5.0,0.29915384615384616,98.22,0.24390243902439024,0,0,0.0,5.0,
519058,Mike Moustakas,162,213,660,10,27.0,0.3826380952380952,101.9,0.29545454545454547,0,8,0.0,27.0,
553993,Eugenio Suárez,230,256,999,19,39.0,0.4312272727272727,102.9,0.23992673992673993,0,15,0.0,39.0,
458015,Joey Votto,222,240,923,13,23.0,0.4066153846153846,100.61,0.1728395061728395,0,11,0.0,23.0,
592206,Nick Castellanos,241,286,966,24,35.0,0.4924630872483222,101.65,0.35855855855855856,0,14,0.0,35.0,
571466,Tucker Barnhart,110,125,436,5,13.0,0.38425714285714285,96.04,0.2345132743362832,0,5,0.0,13.0,
592200,Curt Casali,93,104,413,3,8.0,0.3628297872340426,98.34,0.19534883720930232,0,6,0.0,8.0,
520471,Freddy Galvis,159,183,618,5,16.0,0.31486363636363635,98.28,0.2674772036474164,0,7,0.0,16.0,
595909,Jake Cave,123,127,504,3,15.0,0.37317391304347824,99.62,0.31343283582089554,0,4,0.0,15.0,
608385,Jesse Winker,183,199,783,14,24.0,0.4800097087378641,102.80000000000001,0.1937799043062201,0,12,0.0,24.0,
673451,Shogo Akiyama,183,250,821,1,9.0,0.3096333333333333,95.93,0.23529411764705882,0,0,0.0,9.0,
606157,Aristides Aquino,56,59,219,2,8.0,0.3678620689655172,98.46000000000001,0.33070866141732286,0,2,0.0,8.0,
488671,Alex Avila,62,54,267,1,2.0,0.4120740740740741,103.36000000000001,0.14685314685314685,0,1,0.0,2.0,
676480,José Barrero,69,74,277,1,4.0,0.347390243902439,100.77,0.4090909090909091,0,0,0.0,4.0,
571657,Kyle Farmer,70,82,271,3,4.0,0.39577999999999997,99.89,0.30405405405405406,0,0,0.0,4.0,
669222,Nick Senzel,78,87,257,2,8.0,0.3210892857142857,101.84,0.23255813953488372,0,2,0.0,8.0,
596142,Gary Sánchez,179,183,774,16,26.0,0.44486813186813184,105.94,0.29205607476635514,0,10,0.0,26.0,
605119,Brian Anderson,229,245,888,13,39.0,0.40598518518518517,101.0,0.2961460446247465,0,11,0.0,39.0,
542583,Jesús Aguilar,216,279,882,11,35.0,0.39420394736842107,101.14000000000001,0.31947483588621445,0,8,0.0,35.0,
621446,Lewis Brinson,112,137,429,6,14.0,0.36,103.9,0.3605150214592275,0,3,0.0,14.0,
572816,Corey Dickerson,209,283,861,9,19.0,0.33458860759493675,99.08,0.33178654292343385,0,7,0.0,19.0,
642423,Magneuris Sierra,53,59,206,0,9.0,0.2724864864864865,96.24000000000001,0.29914529914529914,0,0,0.0,9.0,
665862,Jazz Chisholm,62,70,263,4,6.0,0.32286486486486493,99.82,0.2550335570469799,0,2,0.0,6.0,
642180,Tyler Wade,106,111,394,1,11.0,0.3086617647058823,98.5,0.2265193370165746,0,3,0.0,11.0,
542932,Jon Berti,149,145,585,3,14.0,0.32147674418604655,100.6,0.16095890410958905,0,2,0.0,14.0,
459964,Matt Joyce,148,155,602,3,15.0,0.3731627906976744,96.76,0.25595238095238093,0,2,0.0,15.0,
516782,Starling Marte,249,330,943,12,28.0,0.33973655913978495,100.03,0.34791252485089463,0,6,0.0,28.0,
621005,Tim Lopes,151,186,571,3,16.0,0.31254128440366974,100.6,0.32978723404255317,0,2,0.0,16.0,
592530,José Marmolejos,115,120,450,9,18.0,0.4176351351351351,105.3,0.29535864978902954,0,6,0.0,18.0,
643393,Tony Kemp,114,137,408,1,4.0,0.303890243902439,94.58,0.1890547263681592,0,0,0.0,4.0,
657108,Evan White,202,188,828,14,28.0,0.4502525252525253,104.04,0.24271844660194175,0,8,0.0,28.0,
664034,Ty France,156,183,614,9,23.0,0.44684466019417474,100.7,0.27002967359050445,0,4,0.0,23.0,
572122,Kyle Seager,245,281,963,18,43.0,0.3675965909090909,101.3,0.20588235294117646,0,9,0.0,43.0,
641786,Kyle Lewis,242,234,982,16,30.0,0.42753676470588237,100.91000000000001,0.24615384615384617,0,11,0.0,30.0,
572039,Stephen Piscotty,171,193,588,7,29.0,0.3974351851851852,101.36000000000001,0.42950819672131146,0,5,0.0,29.0,
641487,J. P. Crawford,232,284,935,3,24.0,0.3321818181818182,100.42,0.22857142857142856,0,2,0.0,24.0,
501981,Khris Davis,99,118,398,5,11.0,0.3774666666666666,100.89,0.2879581151832461,0,2,0.0,11.0,
596103,Austin Slater,104,104,431,9,7.0,0.470609375,102.75,0.2,0,5,0.0,7.0,
663698,Joey Bart,111,129,431,3,8.0,0.3512903225806452,103.46000000000001,0.38596491228070173,0,0,0.0,8.0,
543063,Brandon Crawford,191,234,732,12,28.0,0.3753968253968254,100.5,0.3172043010752688,0,8,0.0,28.0,
571976,Wil Myers,218,231,843,21,40.0,0.5066142857142857,104.1,0.2511111111111111,0,15,0.0,40.0,
543592,Austin Nola,184,204,728,10,30.0,0.4014651162790698,101.74,0.16332378223495703,0,7,0.0,30.0,
594824,Greg Garcia,71,77,289,0,12.0,0.2576222222222222,90.72000000000001,0.17647058823529413,0,0,0.0,12.0,
643289,Mauricio Dubón,177,242,680,5,19.0,0.3555725806451613,98.69,0.336231884057971,0,4,0.0,19.0,
446334,Evan Longoria,209,254,794,18,29.0,0.42648717948717957,104.21000000000001,0.2775,0,7,0.0,29.0,
474832,Brandon Belt,178,197,686,19,31.0,0.48828318584070796,103.53999999999999,0.193717277486911,0,9,0.0,31.0,
527038,Wilmer Flores,212,307,892,10,34.0,0.3536319018404908,100.40000000000002,0.2966804979253112,0,12,0.0,34.0,
595777,Jurickson Profar,203,279,837,5,26.0,0.3544901960784314,100.52,0.2850467289719626,0,7,0.0,26.0,
630105,Jake Cronenworth,193,227,754,15,22.0,0.42771830985915493,102.78,0.18980169971671387,0,4,0.0,22.0,
456781,Donovan Solano,204,265,746,7,30.0,0.37487417218543045,100.9,0.3619791666666667,0,3,0.0,30.0,
573262,Mike Yastrzemski,223,247,940,15,36.0,0.43332846715328466,101.78,0.19745222929936307,0,10,0.0,36.0,
502054,Tommy Pham,125,112,499,6,13.0,0.391225,105.46000000000001,0.20306513409961685,0,3,0.0,13.0,
543105,Alex Dickerson,169,201,607,13,28.0,0.398900826446281,104.1,0.3151515151515151,0,10,0.0,28.0,
519048,Mitch Moreland,150,161,574,15,29.0,0.39785576923076926,101.8,0.24752475247524752,0,10,0.0,29.0,
665487,Fernando Tatís,257,288,988,32,45.0,0.508060975609756,107.06,0.260707635009311,0,17,0.0,45.0,
488771,Jason Castro,92,98,406,7,9.0,0.5149361702127659,103.19,0.23300970873786409,0,2,0.0,9.0,
592518,Manny Machado,251,306,936,21,49.0,0.42493684210526317,106.4,0.23983739837398374,0,16,0.0,49.0,
573131,Darin Ruf,100,112,419,6,18.0,0.41353968253968254,104.2,0.21354166666666666,0,5,0.0,18.0,
541645,Avisaíl García,206,223,724,5,16.0,0.34825757575757577,100.48,0.34517766497461927,0,2,0.0,16.0,
641924,Jacob Nottingham,54,60,226,4,13.0,0.4263571428571428,100.87,0.30833333333333335,0,4,0.0,13.0,
607054,Jace Peterson,61,64,287,2,5.0,0.3932692307692308,100.54,0.16,0,2,0.0,5.0,
606115,Orlando Arcia,189,227,703,8,20.0,0.3759078014184397,101.98,0.2810810810810811,0,5,0.0,20.0,
669374,Keston Hiura,244,250,990,19,32.0,0.445639097744361,102.11,0.3035019455252918,0,13,0.0,32.0,
596129,Dan Vogelbach,135,144,615,7,16.0,0.3992962962962963,103.43000000000004,0.16065573770491803,0,6,0.0,16.0,
425877,Yadier Molina,156,217,557,3,16.0,0.3297777777777778,97.82000000000001,0.39661016949152544,0,4,0.0,16.0,
666185,Dylan Carlson,119,126,492,7,17.0,0.4139210526315789,101.1,0.25,0,3,0.0,17.0,
502671,Paul Goldschmidt,233,286,978,16,21.0,0.4314563758389262,101.5,0.225,0,6,0.0,21.0,
576397,Jedd Gyorko,134,143,566,13,19.0,0.4687407407407407,102.02,0.25925925925925924,0,9,0.0,19.0,
460075,Ryan Braun,141,168,496,12,27.0,0.399421568627451,102.12,0.4,0,8,0.0,27.0,
592885,Christian Yelich,245,227,1100,15,23.0,0.4806967213114754,105.14,0.17665615141955837,0,12,0.0,23.0,
669242,Tommy Edman,227,269,876,6,28.0,0.34411464968152866,101.04,0.2560706401766004,0,5,0.0,28.0,
543939,Kolten Wong,208,288,849,1,18.0,0.27998692810457515,96.7,0.2420814479638009,0,1,0.0,18.0,
641933,Tyler O'Neill,157,169,622,8,20.0,0.32439583333333327,101.60000000000001,0.2515151515151515,0,7,0.0,20.0,
664056,Harrison Bader,125,139,522,8,11.0,0.40695522388059696,100.92,0.2801418439716312,0,4,0.0,11.0,
451594,Dexter Fowler,101,114,451,3,15.0,0.3446290322580645,97.31,0.225,0,4,0.0,15.0,
657557,Paul DeJong,174,203,682,8,27.0,0.3933962264150943,101.44,0.2430167597765363,0,3,0.0,27.0,
519299,Eric Sogard,128,158,499,0,11.0,0.3051894736842105,94.39,0.2230769230769231,0,1,0.0,11.0,
649966,Luis Urías,120,138,485,1,12.0,0.3210263157894737,99.09,0.2550607287449393,0,0,0.0,12.0,
544369,Didi Gregorius,236,347,902,8,42.0,0.31952910052910055,100.24000000000001,0.33185840707964603,0,10,0.0,42.0,
516416,Jean Segura,215,263,821,9,28.0,0.3501824324324324,101.38000000000001,0.31473214285714285,0,7,0.0,28.0,
592663,J. T. Realmuto,195,212,742,17,34.0,0.41711200000000004,102.98,0.2519480519480519,0,11,0.0,34.0,
605421,Michael Pérez,93,111,366,6,15.0,0.39634482758620687,100.8,0.2804232804232804,0,1,0.0,15.0,
670712,Mike Brosseau,98,90,377,5,12.0,0.4140363636363636,103.01,0.2708333333333333,0,5,0.0,12.0,
547180,Bryce Harper,236,285,973,26,37.0,0.5058133333333334,106.16,0.28330522765598654,0,13,0.0,37.0,
664761,Alec Bohm,180,210,661,13,26.0,0.40635714285714286,104.1,0.25073746312684364,0,4,0.0,26.0,
457705,Andrew McCutchen,241,283,974,14,34.0,0.4028214285714286,101.5,0.21428571428571427,0,10,0.0,34.0,
595284,Andrew Knapp,89,101,345,4,15.0,0.3948679245283019,99.5,0.23163841807909605,0,2,0.0,15.0,
457803,Jay Bruce,102,142,413,7,15.0,0.3999583333333333,102.99,0.2785388127853881,0,6,0.0,15.0,
656514,Adam Haseley,91,122,369,1,13.0,0.3193787878787879,100.17,0.27692307692307694,0,0,0.0,13.0,
664068,Scott Kingery,125,141,468,8,6.0,0.3726933333333333,100.5,0.3146551724137931,0,3,0.0,6.0,
594838,Philip Gosselin,101,114,418,4,12.0,0.3513230769230769,102.94999999999999,0.24336283185840707,0,3,0.0,12.0,
596451,Roman Quinn,116,130,454,2,8.0,0.3090289855072464,96.97000000000001,0.2660098522167488,0,2,0.0,8.0,
647351,Abraham Toro,97,123,369,2,9.0,0.311859375,98.56,0.3076923076923077,0,3,0.0,9.0,
664702,Myles Straw,86,106,352,1,8.0,0.30805,97.2,0.22023809523809523,0,0,0.0,8.0,
608336,Joey Gallo,225,218,956,16,28.0,0.42293805309734517,104.51,0.19098712446351931,0,10,0.0,28.0,
518618,Derek Dietrich,75,85,304,5,9.0,0.45677500000000004,102.22,0.28662420382165604,0,5,0.0,9.0,
665750,Leody Taveras,134,136,525,5,7.0,0.39089610389610396,101.25,0.30689655172413793,0,4,0.0,7.0,
641432,Willie Calhoun,110,139,419,1,16.0,0.25530952380952376,101.61999999999999,0.21844660194174756,0,1,0.0,16.0,
660731,Anderson Tejeda,78,77,275,6,9.0,0.4003333333333333,104.26,0.34375,0,3,0.0,9.0,
608597,Ronald Guzmán,86,105,329,4,11.0,0.40742592592592586,99.44,0.34065934065934067,0,4,0.0,11.0,
649557,Aledmys Díaz,59,79,216,1,6.0,0.3440869565217391,98.80000000000001,0.34408602150537637,0,3,0.0,6.0,
596059,Rougned Odor,148,181,594,11,30.0,0.3857692307692308,102.3,0.336734693877551,0,10,0.0,30.0,
642201,Eli White,52,67,213,1,3.0,0.3303636363636364,98.5,0.2727272727272727,0,0,0.0,3.0,
669256,Nick Solak,233,278,895,8,27.0,0.3374736842105263,103.13,0.24175824175824176,0,2,0.0,27.0,
643396,Isiah Kiner-Falefa,229,287,799,4,13.0,0.30061666666666664,98.84,0.27440633245382584,0,3,0.0,13.0,
425783,Shin-Soo Choo,126,126,523,8,16.0,0.424126582278481,100.65,0.20446096654275092,0,5,0.0,16.0,
600524,Renato Núñez,216,279,893,16,32.0,0.40875757575757576,102.62,0.39959016393442626,0,12,0.0,32.0,
663624,Ryan Mountcastle,140,189,520,7,25.0,0.3749387755102041,102.58000000000001,0.40070921985815605,0,5,0.0,25.0,
621466,DJ Stewart,112,123,494,10,15.0,0.4244807692307692,104.98,0.2423076923076923,0,7,0.0,15.0,
543768,Travis Shaw,182,204,709,9,18.0,0.41391228070175434,104.71000000000001,0.24722222222222223,0,6,0.0,18.0,
669720,Austin Hays,134,174,537,4,9.0,0.3173163265306122,102.31,0.3566666666666667,0,4,0.0,9.0,
656775,Cedric Mullins,154,190,602,3,12.0,0.28741509433962265,100.02,0.3258064516129032,0,3,0.0,12.0,
642162,Pat Valaika,150,175,570,9,16.0,0.3978317757009346,101.26,0.3375796178343949,0,8,0.0,16.0,
642082,Chance Sisco,121,120,536,7,10.0,0.4163157894736842,99.33,0.20921985815602837,0,4,0.0,10.0,
593643,Hanser Alberto,231,348,760,2,24.0,0.28330366492146597,97.4,0.5228915662650603,0,3,0.0,24.0,
547004,Rio Ruiz,203,253,788,12,33.0,0.3249071428571429,101.36000000000001,0.28255528255528256,0,9,0.0,33.0,
453943,Todd Frazier,172,187,715,6,12.0,0.35179464285714285,102.12,0.28498727735368956,0,4,0.0,12.0,
624413,Pete Alonso,235,252,929,19,36.0,0.41208275862068966,106.48,0.30544747081712065,0,16,0.0,36.0,
605204,J. D. Davis,228,242,951,12,21.0,0.4136268656716418,104.28999999999999,0.23319327731092437,0,6,0.0,21.0,
607043,Brandon Nimmo,226,278,978,11,18.0,0.3639361702127659,99.95,0.16966067864271456,0,8,0.0,18.0,
607208,Trea Turner,259,334,1033,19,43.0,0.3942244897959184,104.27,0.27169811320754716,0,12,0.0,43.0,
572191,Michael Taylor,99,121,393,10,17.0,0.4045076923076923,101.5,0.24479166666666666,0,5,0.0,17.0,
671277,Luis García,139,163,505,5,17.0,0.3552380952380952,100.68,0.3057553956834532,0,2,0.0,17.0,
642708,Amed Rosario,147,186,523,4,16.0,0.30671028037383175,99.75,0.3680297397769517,0,4,0.0,16.0,
641645,Luis Guillorme,68,82,327,1,9.0,0.35817073170731706,97.82000000000001,0.15151515151515152,0,0,0.0,9.0,
455139,Robinson Chirinos,83,87,312,1,7.0,0.27113207547169815,98.7,0.3181818181818182,0,1,0.0,7.0,
543281,Josh Harrison,91,124,335,3,15.0,0.37733823529411764,97.67,0.3672316384180791,0,3,0.0,15.0,
571788,Brock Holt,107,137,462,1,7.0,0.2916760563380281,96.08,0.22608695652173913,0,0,0.0,7.0,
543228,Yan Gomes,120,140,405,5,13.0,0.39102247191011236,100.04,0.3316582914572864,0,4,0.0,13.0,
467092,Wilson Ramos,155,190,529,8,15.0,0.3781785714285714,103.9,0.31985294117647056,0,5,0.0,15.0,
429664,Robinson Canó,181,256,605,11,32.0,0.40099324324324326,104.15,0.4199395770392749,0,10,0.0,32.0,
665742,Juan Soto,186,211,827,23,39.0,0.5242698412698413,107.2,0.1572052401746725,0,13,0.0,39.0,
645302,Víctor Robles,190,226,756,2,17.0,0.29901694915254234,97.5,0.29081632653061223,0,3,0.0,17.0,
588751,Adeiny Hechavarría,63,100,229,0,2.0,0.25978723404255316,97.68000000000002,0.39622641509433965,0,0,0.0,2.0,
645277,Ozzie Albies,124,166,444,8,19.0,0.35999999999999993,100.2,0.3378995433789954,0,6,0.0,19.0,
542255,Ender Inciarte,131,169,538,1,10.0,0.25732978723404254,92.42000000000002,0.27450980392156865,0,1,0.0,10.0,
646240,Rafael Devers,248,312,980,20,46.0,0.42532926829268286,106.0,0.3856332703213611,0,11,0.0,46.0,
598265,Jackie Bradley,216,233,836,11,22.0,0.3364577464788732,101.03999999999999,0.23820754716981132,0,7,0.0,22.0,
660620,Jonathan Araúz,80,89,335,0,9.0,0.4011372549019607,100.61999999999999,0.27167630057803466,0,1,0.0,9.0,
624407,Tzu-Wei Lin,57,72,221,1,3.0,0.2600526315789474,92.72,0.34782608695652173,0,0,0.0,3.0,
452095,Tyler Flowers,80,78,328,3,5.0,0.4335428571428572,102.73,0.28488372093023256,0,1,0.0,5.0,
621020,Dansby Swanson,264,301,1060,19,39.0,0.44092168674698795,102.0,0.23880597014925373,0,10,0.0,39.0,
455976,Nick Markakis,141,183,550,2,16.0,0.3423018867924529,100.76,0.22962962962962963,0,1,0.0,16.0,
594807,Adam Duvall,209,243,798,19,34.0,0.42478676470588234,104.08,0.32524271844660196,0,16,0.0,34.0,
656308,Michael Chavis,159,170,622,7,20.0,0.38468367346938775,102.22,0.3226837060702875,0,5,0.0,20.0,
666915,Bobby Dalbec,92,85,381,9,16.0,0.5786341463414634,105.14,0.3349282296650718,0,8,0.0,16.0,
608700,Kevin Plawecki,89,110,324,3,17.0,0.3441029411764706,100.69,0.2874251497005988,0,1,0.0,17.0,
502110,J. D. Martinez,235,292,898,17,27.0,0.3871437908496732,102.17000000000002,0.3085339168490153,0,7,0.0,27.0,
467055,Pablo Sandoval,94,111,355,2,7.0,0.33656923076923073,104.3,0.3553299492385787,0,1,0.0,7.0,
542303,Marcell Ozuna,265,298,1074,26,57.0,0.5299467455621302,104.89,0.2823529411764706,0,18,0.0,57.0,
518692,Freddie Freeman,255,350,1021,26,54.0,0.5080511363636364,103.01,0.25817555938037867,0,13,0.0,54.0,
593428,Xander Bogaerts,224,285,967,14,31.0,0.37784567901234567,102.66,0.23732251521298176,0,11,0.0,31.0,
656541,Sam Hilliard,114,117,492,6,10.0,0.37031147540983606,101.52000000000001,0.29343629343629346,0,6,0.0,10.0,
641658,Garrett Hampson,184,201,772,9,11.0,0.38687272727272726,96.8,0.21842105263157896,0,5,0.0,11.0,
641857,Ryan McMahon,193,225,841,12,27.0,0.40893333333333337,102.82000000000001,0.2718676122931442,0,9,0.0,27.0,
605113,Nick Ahmed,217,241,832,8,30.0,0.3411523178807947,101.0,0.3013392857142857,0,5,0.0,30.0,
500871,Eduardo Escobar,219,289,811,9,22.0,0.34611656441717786,99.61999999999999,0.35172413793103446,0,4,0.0,22.0,
594777,Kole Calhoun,229,241,901,17,40.0,0.4390425531914893,102.4,0.21413721413721415,0,16,0.0,40.0,
553869,Elías Díaz,73,91,270,6,9.0,0.36426415094339626,104.7,0.30985915492957744,0,2,0.0,9.0,
596115,Trevor Story,259,305,1036,15,29.0,0.39984210526315783,102.66,0.28214285714285714,0,11,0.0,29.0,
658069,Joshua Fuentes,105,141,380,1,17.0,0.35522535211267603,98.5,0.38578680203045684,0,2,0.0,17.0,
606132,Raimel Tapia,206,292,805,3,18.0,0.3042281879194631,98.09,0.30673316708229426,0,1,0.0,18.0,
547172,Tony Wolters,109,120,412,0,8.0,0.3839722222222222,96.5,0.2722772277227723,0,0,0.0,8.0,
572233,Christian Walker,243,314,962,11,37.0,0.3900764705882353,104.41,0.29918032786885246,0,7,0.0,37.0,
606466,Ketel Marte,196,247,695,6,17.0,0.3114625,103.36,0.27988338192419826,1,2,0.0,17.0,
641796,Tim Locastro,82,100,318,1,7.0,0.3331607142857142,99.34000000000002,0.2982456140350877,0,2,0.0,7.0,
608348,Carson Kelly,129,151,506,4,19.0,0.32715053763440854,99.1,0.23684210526315788,0,5,0.0,19.0,
662139,Daulton Varsho,115,126,450,3,12.0,0.33442647058823527,100.1,0.2796610169491525,0,3,0.0,12.0,
453568,Charlie Blackmon,244,318,906,9,44.0,0.36770165745856354,99.6,0.296875,0,6,0.0,44.0,
570256,Gregory Polanco,174,189,755,12,22.0,0.44764210526315784,106.32000000000001,0.3458823529411765,0,7,0.0,22.0,
595978,Austin Hedges,83,86,335,4,7.0,0.3430576923076923,100.94999999999999,0.22598870056497175,0,3,0.0,7.0,
607732,Jacob Stallings,144,152,618,4,20.0,0.34706896551724137,101.28999999999999,0.20481927710843373,0,3,0.0,20.0,
518792,Jason Heyward,181,198,809,5,23.0,0.41802678571428575,102.1,0.18465227817745802,0,6,0.0,23.0,
575929,Willson Contreras,224,237,871,14,27.0,0.4087910447761194,104.34,0.3130252100840336,0,7,0.0,27.0,
519203,Anthony Rizzo,239,295,985,13,27.0,0.36760843373493973,104.16,0.31684981684981683,0,11,0.0,27.0,
664023,Ian Happ,231,233,941,14,30.0,0.4449477611940299,103.3,0.24236252545824846,0,12,0.0,30.0,
656811,Ryan O'Hearn,130,149,559,5,18.0,0.391038961038961,101.46000000000001,0.22818791946308725,0,2,0.0,18.0,
519222,Austin Romine,136,167,525,4,18.0,0.344421686746988,102.84,0.3656716417910448,0,2,0.0,18.0,
408234,Miguel Cabrera,230,273,909,15,35.0,0.4669411764705883,105.28,0.2992125984251969,0,10,0.0,35.0,
605612,Harold Castro,54,76,224,1,3.0,0.37678947368421056,98.75,0.3508771929824561,0,0,0.0,3.0,
650489,Willi Castro,140,171,534,9,24.0,0.469872340425532,103.8,0.3929824561403509,0,6,0.0,24.0,
405395,Albert Pujols,162,210,622,7,25.0,0.343032,101.74,0.35365853658536583,0,6,0.0,25.0,
545358,Max Stassi,105,107,362,8,21.0,0.45463380281690136,103.96000000000001,0.23076923076923078,0,7,0.0,21.0,
641355,Cody Bellinger,241,315,967,16,31.0,0.4031904761904762,103.2,0.2793522267206478,0,12,0.0,31.0,
605141,Mookie Betts,246,296,930,14,40.0,0.38703333333333334,102.1,0.2317596566523605,0,16,0.0,40.0,
571718,Brian Goodwin,163,159,682,10,23.0,0.39492391304347824,102.3,0.19705882352941176,0,6,0.0,23.0,
643265,Garrett Cooper,133,154,557,9,22.0,0.46832584269662925,104.57,0.2751677852348993,0,6,0.0,22.0,
500743,Miguel Rojas,141,161,532,1,20.0,0.3328490566037736,99.2,0.22826086956521738,0,4,0.0,20.0,
656509,Monte Harrison,51,35,218,4,4.0,0.39947619047619043,100.4,0.23770491803278687,0,1,0.0,4.0,
595751,Jorge Alfaro,99,106,342,4,16.0,0.4004035087719298,103.5,0.4427083333333333,0,3,0.0,16.0,
640449,Clint Frazier,160,148,688,11,26.0,0.4295568181818182,103.13,0.14130434782608695,0,8,0.0,26.0,
620443,Luis Torrens,79,83,294,1,6.0,0.3551272727272727,101.48,0.1888111888111888,0,1,0.0,6.0,
640447,Phil Ervin,89,105,405,0,4.0,0.22226923076923077,98.30000000000001,0.20276497695852536,0,0,0.0,4.0,
543829,Dee Strange-Gordon,82,103,287,0,3.0,0.25,92.38,0.40522875816993464,0,0,0.0,3.0,
605353,Vimael Machín,72,90,270,0,1.0,0.356188679245283,99.15,0.25547445255474455,0,0,0.0,1.0,
663757,Trent Grisham,252,258,1048,17,28.0,0.4344342105263158,102.6,0.18023255813953487,0,10,0.0,28.0,
543333,Eric Hosmer,156,200,570,12,37.0,0.4255862068965517,103.74,0.3474025974025974,0,9,0.0,37.0,
623168,Tyler Heineman,50,56,180,1,1.0,0.2467027027027027,96.4,0.25274725274725274,0,0,0.0,1.0,
553882,Omar Narváez,126,167,553,5,10.0,0.3173478260869565,91.72000000000001,0.32786885245901637,0,2,0.0,10.0,
572761,Matt Carpenter,168,170,736,9,24.0,0.39311956521739133,98.61,0.20408163265306123,0,4,0.0,24.0,
543543,Brad Miller,172,165,705,13,25.0,0.4584432989690721,104.5,0.2366412213740458,0,7,0.0,25.0,
621433,Brett Phillips,60,59,252,3,5.0,0.34547222222222224,96.82,0.19230769230769232,0,2,0.0,5.0,
425772,Jeff Mathis,68,67,268,3,9.0,0.4069736842105263,100.86,0.26865671641791045,0,3,0.0,9.0,
643446,Jeff McNeil,207,335,804,4,23.0,0.33776397515527945,97.26,0.32367149758454106,0,4,0.0,23.0,
642086,Dominic Smith,200,259,757,18,42.0,0.4838805970149254,101.54,0.3333333333333333,0,10,0.0,42.0,
665926,Andrés Giménez,132,161,502,3,12.0,0.32279120879120876,101.7,0.30656934306569344,0,3,0.0,12.0,
435559,Kurt Suzuki,129,173,484,3,19.0,0.3131263157894737,98.98,0.27848101265822783,0,2,0.0,19.0,
600474,Pedro Severino,179,215,741,9,22.0,0.3962,103.44,0.2942583732057416,0,5,0.0,22.0,
578428,Jose Iglesias,151,216,567,4,26.0,0.415008,102.4,0.3442028985507246,0,3,0.0,26.0,
543877,Christian Vázquez,189,255,779,6,23.0,0.3353333333333333,100.1,0.31343283582089554,0,7,0.0,23.0,
518595,Travis d'Arnaud,184,202,676,13,35.0,0.5023652173913044,104.8,0.3153153153153153,0,9,0.0,35.0,
660670,Ronald Acuña,200,210,876,16,30.0,0.54847,107.31,0.2,0,14,0.0,30.0,
657077,Alex Verdugo,220,288,923,10,18.0,0.33656050955414013,100.16,0.27765726681127983,0,6,0.0,18.0,
624414,Christian Arroyo,54,63,195,3,10.0,0.3354102564102564,103.82000000000001,0.30392156862745096,0,3,0.0,10.0,
445055,Jon Jay,57,70,208,2,4.0,0.316,98.61999999999999,0.35353535353535354,0,1,0.0,4.0,
642165,Josh VanMeter,79,80,330,3,7.0,0.3679777777777778,101.71000000000001,0.26857142857142857,0,2,0.0,7.0,
444482,David Peralta,218,262,822,8,36.0,0.3487405063291139,104.39,0.2656641604010025,0,5,0.0,36.0,
607680,Kevin Pillar,222,279,829,9,28.0,0.3713780487804878,101.56,0.3684210526315789,0,6,0.0,28.0,
502517,Daniel Murphy,130,195,487,5,16.0,0.30726213592233004,99.78,0.3201754385964912,0,3,0.0,16.0,
543685,Anthony Rendon,230,273,889,10,32.0,0.38435668789808913,101.58,0.16523605150214593,0,9,0.0,32.0,
545361,Mike Trout,237,263,1023,22,47.0,0.5203125,105.96000000000001,0.1440162271805274,0,17,0.0,47.0,
650859,Luis Rengifo,106,117,438,1,4.0,0.2576615384615385,99.2,0.242152466367713,0,1,0.0,4.0,
518626,Josh Donaldson,101,99,449,4,12.0,0.3834035087719298,103.4,0.2131782945736434,0,6,0.0,12.0,
663586,Austin Riley,205,246,773,14,27.0,0.4136014492753623,103.6,0.32338308457711445,0,8,0.0,27.0,
461314,Matt Kemp,131,132,547,6,23.0,0.429828947368421,100.64,0.2870662460567823,0,6,0.0,23.0,
519390,Stephen Vogt,81,97,306,2,7.0,0.2791111111111111,100.18,0.3157894736842105,0,1,0.0,7.0,
502481,Jarrod Dyson,66,79,248,0,5.0,0.22307843137254899,95.1,0.23636363636363636,0,0,0.0,5.0,
650391,Eloy Jiménez,226,275,805,26,42.0,0.4680063694267516,105.08,0.37915742793791574,0,14,0.0,42.0,
624585,Jorge Soler,174,156,739,17,24.0,0.5036333333333333,107.1,0.23471882640586797,0,8,0.0,24.0,
600869,Jeimer Candelario,206,242,844,14,29.0,0.4310222222222222,104.9,0.2619047619047619,0,7,0.0,29.0,
571974,J. R. Murphy,64,58,245,3,3.0,0.43899999999999995,100.79,0.325,0,0,0.0,3.0,
500874,José Martínez,97,108,394,3,11.0,0.35259016393442616,100.27,0.33796296296296297,0,2,0.0,11.0,
519346,Eric Thames,139,173,580,5,13.0,0.3824320987654321,100.28000000000002,0.3173076923076923,0,3,0.0,13.0,
624424,Michael Conforto,233,264,932,16,33.0,0.4455931034482758,102.27,0.25308641975308643,0,9,0.0,33.0,
452678,Asdrúbal Cabrera,213,282,849,10,31.0,0.3594313725490196,99.77,0.2838427947598253,0,8,0.0,31.0,
605490,Bubba Starling,65,64,259,1,5.0,0.33424242424242423,101.52000000000001,0.37404580152671757,0,1,0.0,5.0,
643565,Mike Tauchman,108,127,469,1,14.0,0.33459420289855074,97.53999999999999,0.21120689655172414,0,0,0.0,14.0,
592743,Andrelton Simmons,127,156,446,0,11.0,0.2639019607843137,99.1,0.2798165137614679,0,0,0.0,11.0,
664238,Dylan Moore,159,166,656,13,17.0,0.4320752688172042,102.85,0.2537764350453172,0,8,0.0,17.0,
666198,Carter Kieboom,123,148,536,0,9.0,0.2674776119402985,96.63,0.2542955326460481,0,0,0.0,9.0,
621311,David Dahl,99,128,392,2,10.0,0.2919846153846154,97.1,0.3626943005181347,0,0,0.0,10.0,
668942,Josh Rojas,70,88,304,0,2.0,0.2996382978723404,96.96000000000001,0.2582781456953642,0,0,0.0,2.0,
644433,Chadwick Tromp,64,68,252,4,10.0,0.34460465116279065,101.23,0.3103448275862069,0,4,0.0,10.0,
571448,Nolan Arenado,198,247,684,9,26.0,0.29640361445783137,102.44,0.3242506811989101,0,8,0.0,26.0,
621028,Kevin Newman,173,217,662,1,11.0,0.28942537313432837,98.7,0.27988338192419826,0,1,0.0,11.0,
623205,Andrew Velazquez,77,90,321,2,3.0,0.24854545454545454,94.61,0.31868131868131866,0,0,0.0,3.0,
545121,Ildemaro Vargas,54,72,236,1,3.0,0.25707142857142856,98.25999999999999,0.2833333333333333,0,1,0.0,3.0,
592325,Ben Gamel,127,144,513,5,11.0,0.43241333333333337,101.67,0.25196850393700787,0,3,0.0,11.0,
669289,Santiago Espinal,66,88,266,1,6.0,0.3433478260869565,97.49,0.25,0,0,0.0,6.0,
640457,Austin Meadows,152,179,657,6,13.0,0.34771604938271605,101.7,0.26878612716763006,0,4,0.0,13.0,
475253,Justin Smoak,132,150,554,3,16.0,0.3444615384615385,100.22,0.22569444444444445,0,5,0.0,16.0,
657061,Cole Tucker,116,120,428,2,8.0,0.26311392405063294,97.66,0.2757009345794392,0,1,0.0,8.0,
594809,Adam Eaton,175,247,676,6,17.0,0.3302153846153846,100.32000000000001,0.3391304347826087,0,4,0.0,17.0,
642731,Thairo Estrada,52,71,204,1,3.0,0.34175862068965523,97.8,0.41509433962264153,0,1,0.0,3.0,
664901,Danny Mendick,114,125,468,2,8.0,0.31096341463414634,98.96000000000001,0.24568965517241378,0,3,0.0,8.0,
645801,Mike Ford,84,89,356,4,12.0,0.35015254237288135,105.06,0.21243523316062177,0,2,0.0,12.0,
609280,Miguel Andújar,65,86,250,2,5.0,0.2881923076923077,100.5,0.34507042253521125,0,1,0.0,5.0,
606988,Grayson Greiner,55,60,216,3,8.0,0.39219999999999994,102.94000000000001,0.27522935779816515,0,3,0.0,8.0,
570731,Jonathan Schoop,177,224,624,7,24.0,0.3469112903225806,104.6,0.38181818181818183,0,8,0.0,24.0,
656555,Rhys Hoskins,185,204,769,16,27.0,0.4363271028037384,103.52000000000001,0.22164948453608246,0,10,0.0,27.0,
462101,Elvis Andrus,111,138,412,5,8.0,0.307625,100.66,0.25980392156862747,0,3,0.0,8.0,
448801,Chris Davis,56,62,219,1,1.0,0.23064705882352937,97.89,0.3739130434782609,0,0,0.0,1.0,
595956,Cam Gallagher,60,69,244,0,3.0,0.3248604651162791,96.64,0.27049180327868855,0,1,0.0,3.0,
624431,Jose Trevino,83,98,311,8,9.0,0.37971875,102.63,0.2893081761006289,0,2,0.0,9.0,
606299,José Peraza,121,156,412,4,9.0,0.3009784946236559,100.0,0.41013824884792627,0,1,0.0,9.0,
643418,Shed Long,129,129,498,5,9.0,0.2966455696202532,100.94,0.28294573643410853,0,3,0.0,9.0,
595981,Scott Heineman,54,67,191,2,7.0,0.2749512195121951,100.14,0.37373737373737376,0,1,0.0,7.0,
607461,Matt Beaty,54,62,184,1,5.0,0.335,102.0,0.26506024096385544,0,2,0.0,5.0,
656305,Matt Chapman,152,157,653,16,25.0,0.5244827586206896,106.53999999999999,0.25,0,10,0.0,25.0,
622666,Johan Camargo,127,147,531,4,9.0,0.3012235294117647,100.74,0.30141843971631205,0,4,0.0,9.0,
435062,Howie Kendrick,98,132,384,5,14.0,0.3870526315789473,103.69,0.35678391959798994,0,2,0.0,14.0,
623993,Anthony Santander,162,200,589,13,32.0,0.4043359375,105.3,0.36962750716332377,0,11,0.0,32.0,
664059,Sam Haggerty,55,60,229,1,6.0,0.40041176470588236,101.94000000000001,0.23728813559322035,0,1,0.0,6.0,
592444,JaCoby Jones,109,108,458,7,16.0,0.4167187499999999,103.47,0.26337448559670784,0,5,0.0,16.0,
650490,Yandy Díaz,138,152,573,2,13.0,0.29374736842105265,102.07,0.19571865443425077,0,2,0.0,13.0,
571431,Matt Adams,51,67,209,3,9.0,0.3833870967741935,101.92,0.33653846153846156,0,2,0.0,9.0,
570267,Domingo Santana,84,92,330,3,12.0,0.3562,102.74,0.23837209302325582,0,2,0.0,12.0,
542454,Danny Santana,63,66,260,3,7.0,0.39656250000000004,101.6,0.2867647058823529,0,1,0.0,7.0,
465041,Francisco Cervelli,62,58,220,3,7.0,0.40489473684210525,103.11000000000001,0.2032520325203252,0,3,0.0,7.0,
452254,Hunter Pence,56,55,197,3,6.0,0.39136111111111105,103.12,0.3619047619047619,0,2,0.0,6.0,
596105,Dwight Smith,71,78,287,3,7.0,0.3104545454545455,101.63999999999999,0.25165562913907286,0,2,0.0,7.0,
605548,Bradley Zimmer,50,40,213,1,3.0,0.21060869565217394,93.29,0.1746031746031746,0,1,0.0,3.0,
516770,Starlin Castro,63,86,262,2,4.0,0.3413617021276595,99.05000000000001,0.2740740740740741,0,2,0.0,4.0,
643217,Andrew Benintendi,52,54,229,1,1.0,0.2490909090909091,95.64,0.234375,0,0,0.0,1.0,
543068,C. J. Cron,52,52,215,5,8.0,0.4533076923076923,102.05999999999999,0.28205128205128205,0,4,0.0,8.0,
