player_id,player_name,side,statcast_value,traditional_value,value_delta,statcast_rank,traditional_rank,rank_delta
606466,Ketel Marte,hitting,3.2093972144797878,3.868494999795922,-0.6590977853161344,1,1,0
669456,Shane Bieber,pitching,2.3975773081148337,0.9244044797651597,1.4731728283496741,2,10,8
608337,Lucas Giolito,pitching,2.0604104663548553,0.6820730223528463,1.378337444002009,3,29,26
594798,Jacob deGrom,pitching,1.9454867534355977,0.6618787342351535,1.2836080192004442,4,31,27
506433,Yu Darvish,pitching,1.7735317165847462,0.5609072936466897,1.2126244229380565,5,44,39
642207,Devin Williams,pitching,1.765924807693477,0.1469243872339877,1.6190004204594892,6,191,185
545361,Mike Trout,hitting,1.7580342884066962,1.0120567381941226,0.7459775502125736,7,6,-1
628317,Kenta Maeda,pitching,1.736452718064708,0.48013014117591857,1.2563225768887896,8,63,55
665487,Fernando Tatís,hitting,1.72903205230132,0.9774009989038275,0.7516310533974926,9,8,-1
665742,Juan Soto,hitting,1.7190654507101832,0.685979620322917,1.0330858303872663,10,28,18
545333,Trevor Bauer,pitching,1.6869322828961621,0.6315873020586145,1.0553449808375477,11,33,22
547989,José Abreu,hitting,1.6801393336641797,1.4298932730490015,0.2502460606151782,12,2,-10
605400,Aaron Nola,pitching,1.632505677648067,0.5811015817643824,1.0514040958836848,13,39,26
543037,Gerrit Cole,pitching,1.6247164076951073,0.702267310470539,0.9224490972245682,14,27,13
542303,Marcell Ozuna,hitting,1.6165078039701886,1.232198974823104,0.38430882914708464,15,4,-11
622491,Luis Castillo,pitching,1.5555350442307394,0.5205187174113041,1.0350163268194352,16,52,36
518692,Freddie Freeman,hitting,1.465296067400873,0.9458976650001295,0.5193984024007435,17,9,-8
675916,James Karinchak,pitching,1.4200805591434669,0.1570215312928341,1.2630590278506328,18,187,169
593934,Miguel Sanó,hitting,1.4133008805458527,0.4433894452908521,0.9699114352550006,19,75,56
659275,Dinelson Lamet,pitching,1.4001217147390739,0.5508101495878432,0.8493115651512306,20,46,26
606192,Teoscar Hernández,hitting,1.3973199248774029,0.7919145015651412,0.6054054233122617,21,16,-5
608369,Corey Seager,hitting,1.3923196494971568,0.8663460489036673,0.5259736005934895,22,11,-11
668678,Zac Gallen,pitching,1.3793966653301388,0.4498387089993794,0.9295579563307594,23,71,48
660670,Ronald Acuña,hitting,1.3613226078741532,0.5768923336940959,0.7844302741800573,24,40,16
471911,Carlos Carrasco,pitching,1.3443769256025468,0.4498387089993794,0.8945382166031675,25,71,46
547180,Bryce Harper,hitting,1.333100984675515,0.6513238810326221,0.681777103642893,26,32,6
453286,Max Scherzer,pitching,1.316923786428946,0.5508101495878432,0.7661136368411028,27,46,19
572228,Luke Voit,hitting,1.3027379821889322,1.4023252658879817,-0.09958728369904946,28,3,-25
621242,Edwin Díaz,pitching,1.297733381394362,0.12673009911629493,1.171003282278067,29,202,173
458681,Lance Lynn,pitching,1.2891184114299004,0.5205187174113041,0.7685996940185963,30,52,22
592518,Manny Machado,hitting,1.274253127736739,0.999848937306911,0.274404190429828,31,7,-24
664040,Brandon Lowe,hitting,1.271803767331174,0.7155152908552759,0.5562884764758981,32,24,-8
669203,Corbin Burnes,pitching,1.2551306542583902,0.5104215733524577,0.7447090809059325,33,55,22
571976,Wil Myers,hitting,1.205566939044116,0.7970345703230772,0.4085323687210387,34,15,-19
621566,Matt Olson,hitting,1.2022480945848384,0.8194825087261609,0.3827655858586775,35,14,-21
547943,Hyun Jin Ryu,pitching,1.1990669120003723,0.3488672684109155,0.8501996435894568,36,104,68
608566,Germán Márquez,pitching,1.1891043098241396,0.35896441246976185,0.8301398973543778,37,97,60
605164,Dylan Bundy,pitching,1.178608778838483,0.3488672684109155,0.8297415104275674,38,104,66
607192,Tyler Glasnow,pitching,1.175088720872608,0.5407130055289968,0.6343757153436111,39,49,10
592332,Kevin Gausman,pitching,1.1724574915122994,0.4195472768228402,0.7529102146894592,40,81,41
664285,Framber Valdez,pitching,1.145361190058241,0.439741564940533,0.705619625117708,41,76,35
543243,Sonny Gray,pitching,1.1374883619844731,0.3488672684109155,0.7886210935735576,42,104,62
474832,Brandon Belt,hitting,1.0866379323407604,0.35990250245171157,0.7267354298890489,43,96,53
605540,Brandon Woodruff,pitching,1.0856518791721637,0.5407130055289968,0.5449388736431668,44,49,5
624585,Jorge Soler,hitting,1.075933140891663,0.19174387475817273,0.8841892661334902,45,167,122
543294,Kyle Hendricks,pitching,1.064175017782561,0.2680901159401444,0.7960849018424166,46,125,79
656305,Matt Chapman,hitting,1.0483105374070203,0.302798824758333,0.7455117126486873,47,118,71
443558,Nelson Cruz,hitting,0.9980796656995122,0.7399308926296986,0.25814877306981365,48,22,-26
650391,Eloy Jiménez,hitting,0.9894132165104756,0.7848267694358658,0.20458644707460982,49,17,-32
592885,Christian Yelich,hitting,0.9795271558442799,0.36187016582305065,0.6176569900212292,50,95,45
621035,Chris Taylor,hitting,0.973533091452325,0.43433404979023776,0.5391990416620873,51,78,27
608070,José Ramírez,hitting,0.9415608618987629,1.02938460783927,-0.08782374594050724,52,5,-47
614177,Franmil Reyes,hitting,0.9350875599757892,0.4465418506774491,0.48854570929834007,53,73,20
477132,Clayton Kershaw,pitching,0.9332037511453762,0.2478958278224516,0.6853079233229247,54,135,81
594777,Kole Calhoun,hitting,0.9067932371114574,0.8438981105005835,0.06289512661087393,55,12,-43
543807,George Springer,hitting,0.8995801018351882,0.6288759426295385,0.2707041592056497,56,34,-22
553993,Eugenio Suárez,hitting,0.8875884161874458,0.7797067006779298,0.10788171550951597,57,18,-39
592450,Aaron Judge,hitting,0.8842498870991026,0.28547095511318543,0.5987789319859171,58,122,64
621020,Dansby Swanson,hitting,0.8644941996239416,0.5453889997903979,0.3191051998335437,59,48,-11
571970,Max Muncy,hitting,0.8478607464143856,0.4831652533390832,0.36469549307530236,60,61,1
608336,Joey Gallo,hitting,0.8455564940134254,0.35478243369377543,0.49077406031964993,61,99,38
605397,Joe Musgrove,pitching,0.841490832641898,0.1772158194105269,0.6642750132313711,62,175,113
607208,Trea Turner,hitting,0.8412576670836921,0.7084275587260007,0.13283010835769138,63,26,-37
554430,Zack Wheeler,pitching,0.8377883154824328,0.1570215312928341,0.6807667841895987,64,187,123
624413,Pete Alonso,hitting,0.8314714840391666,0.7745866319199937,0.056884852119172935,65,19,-46
663757,Trent Grisham,hitting,0.8203693200319856,0.35478243369377543,0.46558688633821016,66,99,33
408234,Miguel Cabrera,hitting,0.8055383403629205,0.47607752120980795,0.32946081915311254,67,64,-3
646240,Rafael Devers,hitting,0.8036752165315799,0.7135476274839369,0.09012758904764306,68,25,-43
573262,Mike Yastrzemski,hitting,0.7858681250241327,0.4934053908549555,0.29246273416917723,69,59,-10
608385,Jesse Winker,hitting,0.7834459795039889,0.3791980354681982,0.4042479440357907,70,91,21
518595,Travis d'Arnaud,hitting,0.7790719193157477,0.4292139810323016,0.34985793828344613,71,79,8
592206,Nick Castellanos,hitting,0.7538689817788069,0.6635316819198335,0.09033729985897343,72,30,-42
666120,Ian Anderson,pitching,0.7514911593387482,0.035855802586677435,0.7156353567520708,73,273,200
640449,Clint Frazier,hitting,0.7470212822877721,0.2263996140484677,0.5206216682393043,74,152,78
641154,Pablo López,pitching,0.7413822332442387,0.21760439564591244,0.5237778375983262,75,154,79
572122,Kyle Seager,hitting,0.73717758706539,0.5678369381934816,0.16934064887190847,76,42,-34
605483,Blake Snell,pitching,0.7348366963159761,0.3387701243520691,0.39606657196390704,77,107,30
669257,Will Smith,hitting,0.734662301448914,0.2437274836936152,0.4909348177552988,78,137,59
656555,Rhys Hoskins,hitting,0.7305896942829747,0.33745456404862795,0.39313513023434676,79,108,29
642086,Dominic Smith,hitting,0.7272600687723948,0.5973726087258405,0.12988746004655427,80,35,-45
665489,Vladimir Guerrero,hitting,0.7259750277186442,0.41188611138715414,0.31408891633149005,81,83,2
657108,Evan White,hitting,0.7050005060634428,0.2610553533387627,0.4439451527246801,82,128,46
543543,Brad Miller,hitting,0.6998112165774838,0.16220820422581383,0.53760301235167,83,183,100
596142,Gary Sánchez,hitting,0.699076101175992,0.32012669440348046,0.3789494067725115,84,111,27
592663,J. T. Realmuto,hitting,0.6956931898778257,0.5056131917421668,0.1900799981356589,85,56,-29
624424,Michael Conforto,hitting,0.6880912222730579,0.3945582417420065,0.29353298053105137,86,85,-1
641816,Tyler Mahle,pitching,0.6847916198210545,0.22770153970475882,0.4570900801162957,87,148,61
446334,Evan Longoria,hitting,0.6823673403918059,0.2315196828064038,0.45084765758540213,88,145,57
668676,Zach Plesac,pitching,0.6808778186860902,0.19741010752821966,0.48346771115787057,89,162,73
664023,Ian Happ,hitting,0.6768155879107897,0.4831652533390832,0.19365033457170644,90,61,-29
600869,Jeimer Candelario,hitting,0.6670869194124133,0.2315196828064038,0.4355672366060095,91,145,54
630105,Jake Cronenworth,hitting,0.6466521647303358,-0.030366025242147772,0.6770181899724836,92,335,243
594807,Adam Duvall,hitting,0.6457174193435186,0.7399308926296986,-0.09421347328618002,93,22,-71
650644,Aaron Civale,pitching,0.6330894283491311,0.31857583623437635,0.3145135921147547,94,112,18
664126,Pete Fairbanks,pitching,0.6304825183154052,0.035855802586677435,0.5946267157287278,95,273,178
621244,José Berríos,pitching,0.6239546299110952,0.3084786921755299,0.31547593773556526,96,116,20
605141,Mookie Betts,hitting,0.6186643459719188,0.8438981105005835,-0.22523376452866473,97,12,-85
663656,Kyle Tucker,hitting,0.6159351803906769,0.5851648078386291,0.03077037255204773,98,38,-60
669374,Keston Hiura,hitting,0.6152459032429721,0.5646845328068846,0.05056137043608755,99,43,-56
457759,Justin Turner,hitting,0.600089813305685,0.021617583693294723,0.5784722296123903,100,287,187
571760,Andrew Heaney,pitching,0.5927684025433142,0.3286729802932227,0.26409542225009147,101,109,8
594577,Mike Mayers,pitching,0.5915411863181019,0.05605009070437021,0.5354910956137318,102,254,152
457705,Andrew McCutchen,hitting,0.5856830226351083,0.4587496515646605,0.12693337107044778,103,68,-35
467793,Carlos Santana,hitting,0.5792015765144699,0.3823504408547952,0.19685113565967471,104,89,-15
554431,Tyler Matzek,pitching,0.5752164177270646,0.05605009070437021,0.5191663270226944,105,254,149
666971,Lourdes Gurriel,hitting,0.57471338054553,0.5229410613873143,0.051772319158215674,106,51,-55
425844,Zack Greinke,pitching,0.5683806712160085,0.3084786921755299,0.2599019790404786,107,116,9
572041,AJ Pollock,hitting,0.5658058000465522,0.7745866319199937,-0.20878083187344143,108,19,-89
607536,Kyle Freeland,pitching,0.5619814078194701,0.08634152288090938,0.4756398849385608,109,221,112
543592,Austin Nola,hitting,0.5616630974344062,0.2488475524515513,0.3128155449828549,110,134,24
518735,Yasmani Grandal,hitting,0.558068889611182,0.32524676316141654,0.2328221264497654,111,110,-1
642547,Freddy Peralta,pitching,0.5518530028911923,0.09643866693975577,0.45541433595143654,112,214,102
656427,Jack Flaherty,pitching,0.5420609466679559,0.11663295505744856,0.42542799161050737,113,206,93
623520,David Bote,hitting,0.5350344905942567,0.2315196828064038,0.3035148077878529,114,145,31
641786,Kyle Lewis,hitting,0.5332545021849547,0.43630171316157684,0.0969527890233779,115,77,-38
608718,Brent Suter,pitching,0.5298176724903565,0.005564370410138268,0.5242533020802183,116,299,183
543685,Anthony Rendon,hitting,0.5290334483540727,0.37723037209685906,0.15180307625721368,117,92,-25
641355,Cody Bellinger,hitting,0.5287141457212666,0.5004931229842307,0.028221022737035972,118,57,-61
592741,Chasen Shreve,pitching,0.5269446937785387,-0.03482420582524729,0.561768899603786,119,338,219
642715,Willy Adames,hitting,0.5239015630008433,0.2090717444033202,0.3148298185975231,120,157,37
605130,Scott Barlow,pitching,0.5210173507394094,0.015661514468984658,0.5053558362704247,121,289,168
656941,Kyle Schwarber,hitting,0.5209603137067266,0.3496623649358393,0.17129794877088728,122,103,-19
621107,Zach Eflin,pitching,0.520720056389475,0.31857583623437635,0.2021442201550987,123,112,-11
545341,Randal Grichuk,hitting,0.5162082232715522,0.5698046015648207,-0.053596378293268465,124,41,-83
664761,Alec Bohm,hitting,0.5106530844650679,0.038945453338442224,0.4717076311266256,125,271,146
663903,Brady Singer,pitching,0.5081095585679957,0.2377986837636052,0.2703108748043905,126,143,17
664062,Tony Gonsolin,pitching,0.505955520862784,0.076244378822063,0.4297111420407209,127,229,102
608371,Lucas Sims,pitching,0.503917748960198,-0.03482420582524729,0.5387419547854453,128,338,210
502671,Paul Goldschmidt,hitting,0.5034820979077689,0.04603318546771748,0.45744891244005137,129,264,135
666200,Jesús Luzardo,pitching,0.49323416283174853,0.2680901159401444,0.2251440468916041,130,125,-5
571578,Patrick Corbin,pitching,0.491389537625553,0.22770153970475882,0.26368799792079417,131,148,17
605204,J. D. Davis,hitting,0.4879344758677063,0.04603318546771748,0.4419012903999888,132,264,132
593428,Xander Bogaerts,hitting,0.48176668306598686,0.45362958280672433,0.028137100259262526,133,69,-64
579328,Yusei Kikuchi,pitching,0.48154737352812543,0.09643866693975577,0.38510870658836965,134,214,80
643265,Garrett Cooper,hitting,0.47940480645923417,0.06336105511286498,0.4160437513463692,135,248,113
545358,Max Stassi,hitting,0.47934390507955854,0.09289672564522385,0.3864471794343347,136,219,83
425794,Adam Wainwright,pitching,0.4681053552103339,0.1671186753516805,0.3009866798586534,137,180,43
521692,Salvador Pérez,hitting,0.46778786551889784,0.4709574524518718,-0.003169586932973978,138,65,-73
458015,Joey Votto,hitting,0.46538959774546357,0.31500662564554427,0.1503829720999193,139,114,-25
572233,Christian Walker,hitting,0.4629345727224332,0.3701426399675838,0.09279193275484943,140,94,-46
543305,Aaron Hicks,hitting,0.46171634995145894,0.06336105511286498,0.39835529483859394,141,248,107
519317,Giancarlo Stanton,hitting,0.45949722252312625,-0.15678118151611636,0.6162784040392426,142,501,359
519048,Mitch Moreland,hitting,0.4584021620812712,0.3721103033389229,0.08629185874234829,143,93,-50
592192,Mark Canha,hitting,0.4571176301618964,0.2590876899674236,0.1980299401944728,144,131,-13
669221,Sean Murphy,hitting,0.43892404681134795,-0.028398361870808637,0.4673224086821566,145,334,189
576397,Jedd Gyorko,hitting,0.4376599498840161,0.15196806670994162,0.28569188317407446,146,190,44
521230,Liam Hendriks,pitching,0.4341542666209313,-0.0045327736487081206,0.43868704026963945,147,307,160
543135,Nathan Eovaldi,pitching,0.430860298062012,0.1469243872339877,0.2839359108280243,148,191,43
669432,Trevor Rogers,pitching,0.4273888857673561,0.015661514468984658,0.41172737129837145,149,289,140
596115,Trevor Story,hitting,0.4245753033956418,0.4189738435164293,0.005601459879212511,150,82,-68
543333,Eric Hosmer,hitting,0.4238182354359095,0.46386972032259655,-0.04005148488668703,151,67,-84
570256,Gregory Polanco,hitting,0.42314915053491764,0.11022459529037135,0.3129245552445463,152,210,58
575929,Willson Contreras,hitting,0.41163848566577915,0.19686394351610884,0.21477454214967032,153,165,12
656756,Jordan Montgomery,pitching,0.40982524229784856,0.09643866693975577,0.3133865753580928,154,214,60
660294,Yoshi Tsutsugo,hitting,0.40869545490083453,0.19174387475817273,0.2169515801426618,155,167,12
592567,Colin Moran,hitting,0.40811046943300994,0.302798824758333,0.10531164467467696,156,118,-38
457708,Justin Upton,hitting,0.4072806839685749,0.20395167564538408,0.20332900832319084,157,161,4
605119,Brian Anderson,hitting,0.3980608000265704,0.5922525399679043,-0.19419173994133387,158,37,-121
594835,Marco Gonzales,pitching,0.3955648187667303,0.2680901159401444,0.12747470282658585,159,125,-34
621466,DJ Stewart,hitting,0.3937297752680642,-0.011070492225661137,0.40480026749372533,160,318,158
571718,Brian Goodwin,hitting,0.3879509295509384,0.08068892475801248,0.3072620047929259,161,226,65
656954,Justus Sheffield,pitching,0.3821694330329417,0.10653581099860217,0.27563362203433955,162,212,50
607625,Seth Lugo,pitching,0.3800107978716174,0.09643866693975577,0.2835721309318616,163,214,51
596129,Dan Vogelbach,hitting,0.37799027371168425,-0.040606162758020016,0.4185964364697043,164,348,184
657656,Ramón Laureano,hitting,0.3779233394287979,0.13267253369345497,0.24525080573534294,165,197,32
608331,Max Fried,pitching,0.3763782173631386,0.12673009911629493,0.24964811824684366,166,202,36
641857,Ryan McMahon,hitting,0.3752977350235169,0.29059102387112157,0.08470671115239531,167,121,-46
572971,Dallas Keuchel,pitching,0.37162405735413834,0.04595294664552382,0.32567111070861454,168,266,98
664238,Dylan Moore,hitting,0.37050396510264494,0.07044878724214024,0.30005517786050473,169,238,69
673357,Luis Robert,hitting,0.36182445129796004,0.45362958280672433,-0.09180513150876429,170,69,-101
664350,Sixto Sánchez,pitching,0.3600621546891305,-0.04492134988409367,0.4049835045732242,171,350,179
596103,Austin Slater,hitting,0.3572221814791356,-0.24342052974185385,0.6006427112209894,172,594,422
663586,Austin Riley,hitting,0.3547097411456778,0.2437274836936152,0.11098225745206264,173,137,-36
623993,Anthony Santander,hitting,0.3539915030416007,0.4709574524518718,-0.11696594941027111,174,65,-109
543768,Travis Shaw,hitting,0.3521962099076032,-0.005950423467725017,0.3581466333753282,175,313,138
543105,Alex Dickerson,hitting,0.3520774890082153,0.35478243369377543,-0.002704944685560151,176,99,-77
444482,David Peralta,hitting,0.33870236179264096,0.2590876899674236,0.07961467182521736,177,131,-46
518792,Jason Heyward,hitting,0.3363116673960078,0.08068892475801248,0.25562274263799534,178,226,48
596748,Maikel Franco,hitting,0.3342540177302023,0.48631765872568017,-0.15206364099547787,179,60,-119
573131,Darin Ruf,hitting,0.32708522412201674,-0.05281396364523139,0.3798991877672481,180,358,178
605135,Chris Bassitt,pitching,0.3218250968289491,0.1772158194105269,0.14460927741842222,181,175,-6
660271,Shohei Ohtani,hitting,0.3198779641821191,0.16220820422581383,0.15766975995630528,182,183,1
502110,J. D. Martinez,hitting,0.3179002747443188,0.19686394351610884,0.12103633122820998,183,165,-18
593423,Frankie Montas,pitching,0.3115009528458017,0.22770153970475882,0.08379941314104289,184,148,-36
642133,Rowdy Tellez,hitting,0.30969344123711684,0.2090717444033202,0.10062169683379665,185,157,-28
458676,Josh Lindblom,pitching,0.3028139745600617,0.1469243872339877,0.155889587326074,186,191,5
592626,Joc Pederson,hitting,0.30223036630340844,0.023585247064633857,0.27864511923877455,187,286,99
570482,Gio Urshela,hitting,0.3005083479450466,0.2712954908546349,0.029212857090411715,188,124,-64
605513,Spencer Turnbull,pitching,0.29529115000652945,0.13682724317514133,0.1584639068313881,189,196,7
502054,Tommy Pham,hitting,0.29431778862132385,-0.23318039222598164,0.5274981808473055,190,579,389
592767,Drew Smyly,pitching,0.29240808979234484,0.04595294664552382,0.24645514314682102,191,266,75
642232,Ryan Yarbrough,pitching,0.2841936782186082,0.0661472347632166,0.2180464434553916,192,244,52
605137,Josh Bell,hitting,0.2823784666725055,0.15708813546787773,0.12529033120462776,193,186,-7
624415,Cavan Biggio,hitting,0.27699525891991333,0.2957110926290577,-0.01871583370914437,194,120,-74
592530,José Marmolejos,hitting,0.27231325426313135,-0.005950423467725017,0.27826367773085636,195,313,118
605200,Zach Davies,pitching,0.267488724154661,0.257992971881298,0.009495752273363023,196,133,-63
663978,Chris Paddack,pitching,0.261328221691521,0.20750725158706604,0.05382097010445494,197,160,-37
645261,Sandy Alcántara,pitching,0.2601119045827763,0.015661514468984658,0.2444503901137916,198,289,91
621121,Lance McCullers,pitching,0.2575880149961107,0.18731296346937326,0.07027505152673746,199,171,-28
643511,Tyler Rogers,pitching,0.2549667023080242,-0.10550421423717202,0.36047091654519625,200,420,220
665120,Jared Walsh,hitting,0.25076324364744795,0.2732631542259741,-0.022499910578526128,201,123,-78
519203,Anthony Rizzo,hitting,0.2504573644637388,0.38431810422613427,-0.1338607397623955,202,88,-114
641745,Brad Keller,pitching,0.24553306742308667,-0.0247270617664009,0.27026012918948755,203,328,125
608717,Chris Stratton,pitching,0.23124555429983937,0.015661514468984658,0.21558403983085472,204,289,85
628711,Julio Urías,pitching,0.22117678114694456,0.076244378822063,0.14493240232488155,205,229,24
664034,Ty France,hitting,0.22116846122759978,-0.013038155597000273,0.23420661682460006,206,319,113
547179,Michael Lorenzen,pitching,0.21914642127348843,-0.0247270617664009,0.24387348303988934,207,328,121
657557,Paul DeJong,hitting,0.21772376827806858,0.009409782806083351,0.20831398547198524,208,296,88
502043,Kyle Gibson,pitching,0.2137804347713553,0.19741010752821966,0.01637032724313564,209,162,-47
600524,Renato Núñez,hitting,0.21299400874057503,0.5178209926293782,-0.30482698388880314,210,54,-156
668804,Bryan Reynolds,hitting,0.2110750286839853,0.07556885600007636,0.13550617268390897,211,236,25
542583,Jesús Aguilar,hitting,0.20126056550018512,0.3823504408547952,-0.18108987535461007,212,89,-123
425783,Shin-Soo Choo,hitting,0.197238903427732,-0.08746970293552639,0.2847086063632584,213,404,191
642546,Jonathan Hernández,pitching,0.19599734448829303,-0.06511563800178646,0.2611129824900795,214,369,155
622251,Josh Staumont,pitching,0.19515318787356345,-0.0045327736487081206,0.19968596152227158,215,307,92
607043,Brandon Nimmo,hitting,0.19074794839053222,0.08777665688728772,0.1029712915032445,216,220,4
622088,Tejay Antone,pitching,0.1828185948475753,0.076244378822063,0.10657421602551229,217,229,12
605538,Matt Wisler,pitching,0.18030267048268342,-0.0247270617664009,0.20502973224908433,218,328,110
457918,J. A. Happ,pitching,0.1795738505778466,0.035855802586677435,0.14371804799116916,219,273,54
592669,Hunter Renfroe,hitting,0.17221484633855355,0.2090717444033202,-0.036856898064766636,220,157,-63
453568,Charlie Blackmon,hitting,0.17214676449664823,0.44457418730611,-0.27242742280946175,221,74,-147
669256,Nick Solak,hitting,0.1657859466961897,-0.03745375737142303,0.20323970406761274,222,347,125
600474,Pedro Severino,hitting,0.16483104158715697,0.016497514935358597,0.1483335266517984,223,288,65
547888,Masahiro Tanaka,pitching,0.16451055632235914,0.05605009070437021,0.10846046561798893,224,254,30
571510,Matt Boyd,pitching,0.1631169590041392,0.22770153970475882,-0.06458458070061962,225,148,-77
592444,JaCoby Jones,hitting,0.16224196031443744,-0.08746970293552639,0.24971166324996383,226,404,178
650489,Willi Castro,hitting,0.16218300330287047,0.09801679440315998,0.06416620889971049,227,213,-14
621111,Walker Buehler,pitching,0.1608111531908194,0.04595294664552382,0.11485820654529558,228,266,38
518934,DJ LeMahieu,hitting,0.15776157597929447,0.35478243369377543,-0.19702085771448097,229,99,-130
640448,Kyle Finnegan,pitching,0.14583272722775237,-0.10550421423717202,0.25133694146492436,230,420,190
607644,John Means,pitching,0.14359981132965538,0.04595294664552382,0.09764686468413156,231,266,35
458731,Brett Gardner,hitting,0.143436089397795,-0.005950423467725017,0.14938651286552002,232,313,81
622608,Antonio Senzatela,pitching,0.14340759129188294,0.035855802586677435,0.1075517887052055,233,273,40
592836,Taijuan Walker,pitching,0.1428365094070916,0.12673009911629493,0.01610641029079668,234,202,-32
596146,Max Kepler,hitting,0.13787229836199136,0.23860741493567908,-0.10073511657368772,235,142,-93
572761,Matt Carpenter,hitting,0.13586064497838868,0.004289714048147227,0.13157093093024144,236,306,70
518813,Greg Holland,pitching,0.1354136151382357,-0.06511563800178646,0.20052925314002215,237,369,132
519058,Mike Moustakas,hitting,0.1334555699391732,0.2437274836936152,-0.11027191375444198,238,137,-101
594965,Daniel Ponce de Leon,pitching,0.13342439184986551,0.076244378822063,0.05718001302780251,239,229,-10
605182,Mike Clevinger,pitching,0.13258312363411529,0.015661514468984658,0.11692160916513063,240,289,49
643338,Chad Green,pitching,0.13043200479578507,-0.05501849394294006,0.18545049873872513,241,359,118
596059,Rougned Odor,hitting,0.12904763123782964,0.38943817298407046,-0.2603905417462408,242,87,-155
543548,Tommy Milone,pitching,0.12486005553188673,0.025758658527831046,0.09910139700405568,243,282,39
641540,Dane Dunning,pitching,0.11907456660643774,-0.0247270617664009,0.14380162837283864,244,328,84
605525,J. B. Wendelken,pitching,0.11885148998439768,-0.03482420582524729,0.15367569580964496,245,338,93
547004,Rio Ruiz,hitting,0.11698174522077505,0.3945582417420065,-0.27757649652123145,246,85,-161
571980,Tyler Naquin,hitting,0.10915741291471169,-0.030366025242147772,0.13952343815685947,247,335,88
456501,Johnny Cueto,pitching,0.10654297779452696,0.18731296346937326,-0.0807699856748463,248,171,-77
488726,Michael Brantley,hitting,0.10442315104230569,0.0511532542256536,0.05326989681665209,249,262,13
622694,Elieser Hernández,pitching,0.1039638809682212,-0.03482420582524729,0.1387880867934685,250,338,88
542585,José Cisnero,pitching,0.10096621143289183,-0.03482420582524729,0.13579041725813912,251,338,87
641313,Tim Anderson,hitting,0.10035763336176201,0.23348734617774297,-0.13312971281598096,252,144,-108
669211,Keegan Akin,pitching,0.09753196042651147,-0.0247270617664009,0.12225902219291236,253,328,75
592826,Vince Velasquez,pitching,0.09574166301396744,0.076244378822063,0.01949728419190444,254,229,-25
429664,Robinson Canó,hitting,0.09272661426239531,0.42409391227436555,-0.33136729801197023,255,80,-175
429665,Edwin Encarnación,hitting,0.09111605667534534,0.21615947653259546,-0.12504341985725012,256,155,-101
641531,Hunter Dozier,hitting,0.08375871541302309,-0.10991764133861,0.19367635675163308,257,431,174
501985,Mike Minor,pitching,0.0821060945701472,0.2478958278224516,-0.1657897332523044,258,135,-123
641598,Mitch Garver,hitting,0.07973749936560316,-0.41866688956466797,0.4984043889302711,259,678,419
643376,Danny Jansen,hitting,0.0727648317556817,0.028705315822569976,0.04405951593311172,260,281,21
621439,Byron Buxton,hitting,0.07152825405057851,0.4953730542262946,-0.4238448001757161,261,58,-203
595281,Kevin Kiermaier,hitting,0.06635613057800151,-0.07722956541965413,0.14358569599765564,262,392,130
650402,Gleyber Torres,hitting,0.06573367168365686,-0.047693894887295266,0.11342756657095213,263,357,94
666185,Dylan Carlson,hitting,0.06475682715348656,-0.16386891364539163,0.2286257407988782,264,504,240
527038,Wilmer Flores,hitting,0.06348008351751144,0.5524767319196732,-0.4889966484021617,265,45,-220
445276,Kenley Jansen,pitching,0.06171139055441803,-0.04492134988409367,0.1066327404385117,266,350,84
598265,Jackie Bradley,hitting,0.05899389035931337,0.11022459529037135,-0.051230704931057976,267,210,-57
518626,Josh Donaldson,hitting,0.05709631671398818,-0.10991764133861,0.16701395805259817,268,431,163
593974,Wandy Peralta,pitching,0.05334186201340736,-0.1256985023548648,0.17904036436827214,269,450,181
570240,Félix Peña,pitching,0.05318447571765237,-0.08530992611947923,0.1384944018371316,270,396,126
596057,Daniel Norris,pitching,0.051888057553691726,-0.09540707017832563,0.14729512773201736,271,409,138
595879,Javier Báez,hitting,0.04604590628910371,0.2610553533387627,-0.21500944704965896,272,128,-144
461314,Matt Kemp,hitting,0.0451216835659082,0.08068892475801248,-0.03556724119210428,273,226,-47
596295,Austin Gomber,pitching,0.04491095949335012,-0.10550421423717202,0.15041517373052213,274,420,146
543063,Brandon Crawford,hitting,0.04385611501491906,0.2610553533387627,-0.2171992383238436,275,128,-147
641712,Dakota Hudson,pitching,0.04381592238182923,-0.06511563800178646,0.10893156038361569,276,369,93
656811,Ryan O'Hearn,hitting,0.03939052623073471,-0.1934045841777505,0.23279511040848522,277,539,262
457803,Jay Bruce,hitting,0.03416772597429753,-0.05793403240316751,0.09210175837746504,278,367,89
663474,Triston McKenzie,pitching,0.03396964685127722,0.035855802586677435,-0.0018861557354002134,279,273,-6
452678,Asdrúbal Cabrera,hitting,0.03250267369742684,0.3130389622742052,-0.28053628857677837,280,115,-165
612434,Miguel Castro,pitching,0.030439238189305495,0.005564370410138268,0.024874867779167226,281,299,18
543257,Robbie Grossman,hitting,0.020221730214355818,0.19174387475817273,-0.17152214454381692,282,167,-115
596019,Francisco Lindor,hitting,0.019874125964098502,0.2437274836936152,-0.2238533577295167,283,137,-146
514917,César Hernández,hitting,0.01890199022140522,-0.09455743506480163,0.11345942528620685,284,408,124
543510,James McCann,hitting,0.01628355444007569,0.006257377419486361,0.01002617702058933,285,297,12
592325,Ben Gamel,hitting,0.0031002315200700944,-0.2678361315162766,0.2709363630363467,286,611,325
543760,Marcus Semien,hitting,0.0022655338544007365,0.16220820422581383,-0.1599426703714131,287,183,-104
606115,Orlando Arcia,hitting,0.001433530510647819,-0.018158224354936393,0.01959175486558421,288,324,36
660162,Yoán Moncada,hitting,-0.0011884569125962957,0.13267253369345497,-0.13386099060605128,289,197,-92
640455,Sean Manaea,pitching,-0.006984408714483192,0.076244378822063,-0.0832287875365462,290,229,-61
592348,Niko Goodrum,hitting,-0.009724947032144963,-0.018158224354936393,0.00843327732279143,291,324,33
593160,Whit Merrifield,hitting,-0.014235378519116501,0.41188611138715414,-0.42612148990627063,292,83,-209
669242,Tommy Edman,hitting,-0.015310118633077236,0.12046473280624359,-0.13577485143932083,293,205,-88
455117,Martín Maldonado,hitting,-0.01712928607996911,0.13267253369345497,-0.14980181977342408,294,197,-97
503556,Marwin González,hitting,-0.018984645171211737,0.0511532542256536,-0.07013789939686534,295,262,-33
666182,Bo Bichette,hitting,-0.01921845849249558,0.0684811238708011,-0.08769958236329668,296,240,-56
663776,Patrick Sandoval,pitching,-0.019821728775250208,-0.04492134988409367,0.025099621108843465,297,350,53
645801,Mike Ford,hitting,-0.021349936902719805,-0.2973718020486355,0.2760218651459157,298,625,327
460075,Ryan Braun,hitting,-0.023930572076689752,0.2437274836936152,-0.26765805577030494,299,137,-162
642082,Chance Sisco,hitting,-0.02776674969514313,-0.23830046098391774,0.21053371128877463,300,588,288
664141,JT Brubaker,pitching,-0.028110498559886628,0.09643866693975577,-0.1245491654996424,301,214,-87
607732,Jacob Stallings,hitting,-0.029555620789214757,-0.11188530470994913,0.08232968392073438,302,433,131
501381,Michael Pineda,pitching,-0.031424934864951605,-0.1256985023548648,0.0942735674899132,303,450,147
592233,Stefan Crichton,pitching,-0.0314754290152758,-0.14589279047255757,0.11441736145728176,304,476,172
474463,Brett Anderson,pitching,-0.03518522657518273,-0.06511563800178646,0.029930411426603735,305,369,64
571875,Jake Lamb,hitting,-0.03661343245270891,-0.2678361315162766,0.23122269906356768,306,611,305
608324,Alex Bregman,hitting,-0.03742763989233295,0.06336105511286498,-0.10078869500519794,307,248,-59
605288,Adrian Houser,pitching,-0.03895934142188397,0.0661472347632166,-0.10510657618510057,308,244,-64
518633,Danny Duffy,pitching,-0.04488377066384911,0.19741010752821966,-0.24229387819206877,309,162,-147
621043,Carlos Correa,hitting,-0.04720213504600901,0.0684811238708011,-0.11568325891681011,310,240,-70
516416,Jean Segura,hitting,-0.049178162069715786,0.2141918131612563,-0.26336997523097205,311,156,-155
502210,Josh Reddick,hitting,-0.050205272412277624,0.038945453338442224,-0.08915072575071985,312,271,-41
578428,Jose Iglesias,hitting,-0.05165761268700375,-0.007918086839064146,-0.04373952584793961,313,317,4
622075,Yency Almonte,pitching,-0.051754345927082855,-0.15598993453140395,0.10423558860432108,314,491,177
467092,Wilson Ramos,hitting,-0.05246335631862336,-0.10479757258067388,0.052334216262050516,315,419,104
643230,Steven Brault,pitching,-0.05310997130151703,-0.0045327736487081206,-0.048577197652808914,316,307,-9
605113,Nick Ahmed,hitting,-0.05992095409331475,0.1551204720965386,-0.21504142618985334,317,189,-128
543507,Trevor May,pitching,-0.0650317316143687,0.005564370410138268,-0.07059610202450697,318,299,-19
664299,Cristian Javier,pitching,-0.0651901608755914,0.1671186753516805,-0.23230883622727191,319,180,-139
600303,Tommy La Stella,hitting,-0.06636404876956033,0.0684811238708011,-0.13484517264036144,320,240,-80
544369,Didi Gregorius,hitting,-0.06987585050753309,0.5973726087258405,-0.6672484592333736,321,35,-286
669160,Dustin May,pitching,-0.070547009008805,0.0661472347632166,-0.1366942437720216,322,244,-78
657277,Logan Webb,pitching,-0.07571849635234018,0.08634152288090938,-0.16206001923324956,323,221,-102
572191,Michael Taylor,hitting,-0.07863837573294491,-0.07014183329037889,-0.008496542442566021,324,384,60
642083,Aaron Slegers,pitching,-0.0800009989855873,-0.18628136670794312,0.10628036772235583,325,527,202
641933,Tyler O'Neill,hitting,-0.0862831251247564,0.07556885600007636,-0.16185198112483276,326,236,-90
656288,Griffin Canning,pitching,-0.08857325552270039,0.18731296346937326,-0.27588621899207366,327,171,-156
572070,Garrett Richards,pitching,-0.08986954955748236,0.08634152288090938,-0.17621107243839174,328,221,-107
621219,Alec Mills,pitching,-0.09284818002714572,0.08634152288090938,-0.17918970290805508,329,221,-108
663460,Kris Bubic,pitching,-0.09362413551294155,0.11663295505744856,-0.2102570905703901,330,206,-124
656308,Michael Chavis,hitting,-0.09524837156540218,-0.018158224354936393,-0.07709014721046578,331,324,-7
605170,Víctor Caratini,hitting,-0.09545266733213752,-0.2749238636455519,0.17947119631341435,332,616,284
571771,Enrique Hernández,hitting,-0.09892711662192176,-0.018158224354936393,-0.08076889226698536,333,324,-9
592696,Eddie Rosario,hitting,-0.10141270012901876,0.7726189685486546,-0.8740316686776735,334,21,-313
664056,Harrison Bader,hitting,-0.10257918143250717,-0.22097259133877026,0.11839340990626308,335,568,233
547942,Kwang Hyun Kim,pitching,-0.10278801429003688,-0.13579564641371117,0.03300763212367429,336,465,129
676596,Josh Fleming,pitching,-0.10490703294970907,-0.1256985023548648,0.02079146940515572,337,450,113
663993,Nathaniel Lowe,hitting,-0.10912771407965155,-0.22097259133877026,0.11184487725911871,338,568,230
605359,Evan Marshall,pitching,-0.10999581777551218,-0.07521278206063284,-0.03478303571487934,339,385,46
570481,Erik González,hitting,-0.11572641150753499,-0.11188530470994913,-0.0038411067975858554,340,433,93
665620,Deivi García,pitching,-0.1159004215267914,-0.05501849394294006,-0.060881927583851345,341,359,18
607680,Kevin Pillar,hitting,-0.11928493789447196,0.16732827298374997,-0.28661321087822195,342,178,-164
609275,Adalberto Mondesí,hitting,-0.12335805669489508,0.06336105511286498,-0.18671911180776007,343,248,-95
596847,Ji Man Choi,hitting,-0.12804632691017562,-0.14654104400024412,0.018494717090068502,344,487,143
594838,Philip Gosselin,hitting,-0.13594499872309881,-0.2505082618711291,0.11456326314803031,345,599,254
592866,Trevor Williams,pitching,-0.1359840162073755,0.11663295505744856,-0.2526169712648241,346,206,-140
666915,Bobby Dalbec,hitting,-0.1404983881498808,0.05312091759699274,-0.19361930574687353,347,260,-87
542932,Jon Berti,hitting,-0.14071503092044008,-0.26271606275834053,0.12200103183790045,348,608,260
533167,Matt Shoemaker,pitching,-0.1407519456101134,-0.09540707017832563,-0.045344875431787765,349,409,60
669373,Tarik Skubal,pitching,-0.14221663664808712,-0.0045327736487081206,-0.137683862999379,350,307,-43
488771,Jason Castro,hitting,-0.1460772543661746,-0.349355410984078,0.2032781566179034,351,645,294
663647,Ke'Bryan Hayes,hitting,-0.14788819824110405,-0.15678118151611636,0.008892983275012312,352,501,149
595777,Jurickson Profar,hitting,-0.1482754237448949,0.17953607387096132,-0.32781149761585626,353,174,-179
660896,Jorge Alcalá,pitching,-0.14880450263239123,-0.1156013582960184,-0.03320314433637282,354,435,81
642545,Jaime Barría,pitching,-0.15012129704511756,-0.1156013582960184,-0.03451993874909916,355,435,80
621493,Taylor Ward,hitting,-0.1504489060642953,-0.49506610027453324,0.34461719421023795,356,712,356
547379,Roberto Pérez,hitting,-0.15112815730642984,-0.46553042974217435,0.3144022724357445,357,704,347
641487,J. P. Crawford,hitting,-0.15252108968755618,-0.08943736630686552,-0.06308372338069065,358,407,49
656849,David Peterson,pitching,-0.15455955809775715,0.025758658527831046,-0.1803182166255882,359,282,-77
592662,Robbie Ray,pitching,-0.1546008350755183,0.35896441246976185,-0.5135652475452801,360,97,-263
570731,Jonathan Schoop,hitting,-0.15542003927862466,0.19174387475817273,-0.34716391403679736,361,167,-194
456781,Donovan Solano,hitting,-0.1570544853276831,0.061393391741525846,-0.21844787706920893,362,252,-110
642162,Pat Valaika,hitting,-0.1572809461981918,0.05312091759699274,-0.21040186379518455,363,260,-103
657044,Ryan Thompson,pitching,-0.15764974869604956,-0.14589279047255757,-0.011756958223491987,364,476,112
516782,Starling Marte,hitting,-0.16158604136775523,0.16732827298374997,-0.3289143143515052,365,178,-187
518876,Merrill Kelly,pitching,-0.16231477546899584,-0.08530992611947923,-0.07700484934951661,366,396,30
668227,Randy Arozarena,hitting,-0.16380353781451204,-0.08038197080625112,-0.08342156700826092,367,393,26
608379,Michael Wacha,pitching,-0.17323668117624905,-0.0045327736487081206,-0.16870390752754091,368,307,-61
450203,Charlie Morton,pitching,-0.1765137482011074,0.035855802586677435,-0.21236955078778486,369,273,-96
591741,José Osuna,hitting,-0.1768776560565357,-0.22097259133877026,0.04409493528223457,370,568,198
503569,Rafael Dolis,pitching,-0.17709483219694058,-0.06511563800178646,-0.11197919419515412,371,369,-2
608577,Nomar Mazara,hitting,-0.17792899590581482,-0.2749238636455519,0.09699486773973706,372,616,244
657077,Alex Verdugo,hitting,-0.17941017379653498,-0.005950423467725017,-0.17345975032880998,373,313,-60
624647,Victor González,pitching,-0.18067582618743688,-0.14589279047255757,-0.03478303571487931,374,476,102
571448,Nolan Arenado,hitting,-0.1889194492176158,0.2263996140484677,-0.4153190632660835,375,152,-223
519144,Rick Porcello,pitching,-0.19090981696194315,0.1671186753516805,-0.35802849231362366,376,180,-196
621458,Edwin Ríos,hitting,-0.19678053406522167,0.07044878724214024,-0.2672293213073619,377,238,-139
664208,Phil Maton,pitching,-0.19996287603039029,-0.04492134988409367,-0.15504152614629663,378,350,-28
461829,Gio Gonzalez,pitching,-0.2024639354491578,-0.04492134988409367,-0.15754258556506412,379,350,-29
543401,Jason Kipnis,hitting,-0.2076480828034801,-0.16386891364539163,-0.043779169158088466,380,504,124
607391,Chris Mazza,pitching,-0.20813770201636084,-0.08530992611947923,-0.12282777589688161,381,396,15
641658,Garrett Hampson,hitting,-0.21228846047709618,-0.17410905116126388,-0.0381794093158323,382,515,133
642121,Cole Sulser,pitching,-0.2123722574546846,-0.18628136670794312,-0.02609089074674148,383,527,144
518489,Ryan Brasier,pitching,-0.21286844183877132,-0.07521278206063284,-0.13765565977813848,384,385,1
647304,Josh Naylor,hitting,-0.2134111944346698,-0.384011150274373,0.1705999558397032,385,664,279
640457,Austin Meadows,hitting,-0.21625141684624713,-0.18631685204847523,-0.0299345647977719,386,535,149
641672,Thomas Hatch,pitching,-0.2164004413925192,-0.14589279047255757,-0.07050765091996164,387,476,89
570488,Phillips Valdéz,pitching,-0.22011751086722856,-0.07521278206063284,-0.14490472880659572,388,385,-3
596133,Luke Weaver,pitching,-0.22696097816258726,0.1772158194105269,-0.40417679757311414,389,175,-214
663624,Ryan Mountcastle,hitting,-0.2309890359005454,0.0684811238708011,-0.2994701597713465,390,240,-150
461325,Tyler Clippard,pitching,-0.23608305076409136,-0.1156013582960184,-0.12048169246807296,391,435,44
453943,Todd Frazier,hitting,-0.23681141833799824,-0.20364472169362274,-0.03316669664437549,392,549,157
475253,Justin Smoak,hitting,-0.23844047845274693,-0.08746970293552639,-0.15097077551722055,393,404,11
641582,Matt Foster,pitching,-0.23867660707487084,-0.06511563800178646,-0.17356096907308438,394,369,-25
493329,Yuli Gurriel,hitting,-0.24036900223040228,0.13267253369345497,-0.37304153592385725,395,197,-198
593871,Jorge Polanco,hitting,-0.24083464606481975,-0.08234963417759025,-0.1584850118872295,396,394,-2
670990,Yohan Ramírez,pitching,-0.24591403615945465,-0.1156013582960184,-0.13031267786343625,397,435,38
624428,Adam Frazier,hitting,-0.2461270680253229,0.14488033458066635,-0.3910074026059892,398,194,-204
405395,Albert Pujols,hitting,-0.2462903501047883,0.11534466404830748,-0.3616350141530958,399,209,-190
455976,Nick Markakis,hitting,-0.25010785399587276,-0.2749238636455519,0.024816009649679116,400,616,216
570267,Domingo Santana,hitting,-0.25163882107908314,-0.2973718020486355,0.04573298096955236,401,625,224
572039,Stephen Piscotty,hitting,-0.2572890354932918,0.13779260245139108,-0.3950816379446829,402,195,-207
650490,Yandy Díaz,hitting,-0.26271069476293113,-0.280043932403488,0.017333237640556887,403,620,217
670712,Mike Brosseau,hitting,-0.26561352594364185,-0.15678118151611636,-0.10883234442752548,404,501,97
656541,Sam Hilliard,hitting,-0.27167293561949624,-0.14457338062890498,-0.12709955499059125,405,475,70
621446,Lewis Brinson,hitting,-0.27669830089474523,-0.21585252258083415,-0.06084577831391108,406,563,157
542882,Matt Andriese,pitching,-0.2780592227286066,-0.04492134988409367,-0.23313787284451293,407,350,-57
595918,A. J. Cole,pitching,-0.2796326829361037,-0.16608707859025035,-0.11354560434585337,408,507,99
457727,Cameron Maybin,hitting,-0.27964435888955036,-0.4308746904518793,0.15123033156232896,409,683,274
448855,Junior Guerra,pitching,-0.2820347373129297,-0.16608707859025035,-0.11594765872267937,410,507,97
595014,Blake Treinen,pitching,-0.2832795013473724,-0.15598993453140395,-0.12728956681596845,411,491,80
595928,John Curtiss,pitching,-0.2857474035723678,-0.13579564641371117,-0.1499517571586566,412,465,53
624431,Jose Trevino,hitting,-0.2975992266910629,-0.349355410984078,0.051756184293015095,413,645,232
664129,Geoff Hartlieb,pitching,-0.2977253512226735,-0.18628136670794312,-0.1114439845147304,414,527,113
544727,Jeurys Familia,pitching,-0.29943768452393443,-0.14589279047255757,-0.15354489405137686,415,476,61
656302,Dylan Cease,pitching,-0.3037743579144453,0.0661472347632166,-0.3699215926776619,416,244,-172
666176,Jo Adell,hitting,-0.3040996859579433,-0.3198197404517191,0.015720054493775837,417,635,218
622772,Jimmy Cordero,pitching,-0.3054923149247861,-0.15598993453140395,-0.14950238039338218,418,491,73
592178,Kris Bryant,hitting,-0.308014853261983,-0.16898898240332774,-0.13902587085865528,419,514,95
645277,Ozzie Albies,hitting,-0.3083819927522739,0.01137744617742248,-0.3197594389296964,420,295,-125
608348,Carson Kelly,hitting,-0.3102098871501933,-0.03548609400008389,-0.2747237931501094,421,345,-76
502171,Alex Cobb,pitching,-0.3115112074268005,0.005564370410138268,-0.31707557783693874,422,299,-123
608648,Tyler Duffey,pitching,-0.31458375476327194,-0.05501849394294006,-0.2595652608203319,423,359,-64
543877,Christian Vázquez,hitting,-0.31542416005054513,0.12755246493551883,-0.44297662498606394,424,201,-223
671277,Luis García,hitting,-0.3204522075517036,-0.210732453822898,-0.1097197537288056,425,560,135
571710,Mychal Givens,pitching,-0.32085174602589106,-0.1256985023548648,-0.19515324367102627,426,450,24
527048,Martín Pérez,pitching,-0.3209690753182343,0.08634152288090938,-0.4073105981991437,427,221,-206
460086,Alex Gordon,hitting,-0.33085479421342195,-0.20364472169362274,-0.1272100725197992,428,549,121
542881,Tyler Anderson,pitching,-0.33086778401086137,0.035855802586677435,-0.3667235865975388,429,273,-156
500743,Miguel Rojas,hitting,-0.33342848716107776,-0.06502176453244277,-0.26840672262863496,430,368,-62
665750,Leody Taveras,hitting,-0.33607587058990146,-0.29028406991936023,-0.04579180067054123,431,623,192
656669,Jordan Luplow,hitting,-0.33828018103440044,-0.3666832806292255,0.028403099594825065,432,655,223
592426,Luke Jackson,pitching,-0.34525138761558194,-0.17618422264909675,-0.1690671649664852,433,517,84
500871,Eduardo Escobar,hitting,-0.34599542203473765,-0.030366025242147772,-0.3156293967925899,434,335,-99
571927,Steven Matz,pitching,-0.34783498223031606,-0.01462991770755451,-0.33320506452276155,435,321,-114
605421,Michael Pérez,hitting,-0.3494730893368659,-0.2922517332906994,-0.05722135604616646,436,624,188
595284,Andrew Knapp,hitting,-0.3535542748842701,-0.24538819311319301,-0.10816608177107709,437,595,158
640470,Adbert Alzolay,pitching,-0.35589392346458854,-0.08530992611947923,-0.2705839973451093,438,396,-42
650333,Luis Arráez,hitting,-0.3560339453946462,-0.35644314311335323,0.0004091977187070106,439,651,212
519346,Eric Thames,hitting,-0.3565864140513039,-0.23318039222598164,-0.12340602182532229,440,579,139
643436,Ryan McBroom,hitting,-0.35786950102979137,-0.1272455109837575,-0.23062399004603387,441,462,21
677976,Randy Dobnak,pitching,-0.3592218222045965,-0.10550421423717202,-0.2537176079674245,442,420,-22
519151,Ryan Pressly,pitching,-0.36060994269719315,-0.08530992611947923,-0.2753000165777139,443,396,-47
553869,Elías Díaz,hitting,-0.3630948493404094,-0.349355410984078,-0.013739438356331402,444,645,201
453172,Jared Hughes,pitching,-0.36566526487514045,-0.16608707859025035,-0.1995781862848901,445,507,62
676606,Nick Margevicius,pitching,-0.36718654653399774,-0.01462991770755451,-0.35255662882644323,446,321,-125
605131,Austin Barnes,hitting,-0.3673437884476662,-0.3962189511615844,0.028875162713918212,447,671,224
595978,Austin Hedges,hitting,-0.36947739792077067,-0.3371476100968666,-0.032329787823904055,448,642,194
594795,Grant Dayton,pitching,-0.3721975411606773,-0.05501849394294006,-0.31717904721773726,449,359,-90
453562,Jake Arrieta,pitching,-0.3758890775040336,-0.05501849394294006,-0.32087058356109355,450,359,-91
680777,Ryan Jeffers,hitting,-0.3761548803143946,-0.3371476100968666,-0.03900727021752798,451,642,191
453268,Daniel Bard,pitching,-0.37796029826371824,-0.10550421423717202,-0.2724560840265462,452,420,-32
621345,A. J. Minter,pitching,-0.37972388287888037,-0.13579564641371117,-0.2439282364651692,453,465,12
434671,Aníbal Sánchez,pitching,-0.3805529844477261,0.05605009070437021,-0.43660307515209634,454,254,-200
664068,Scott Kingery,hitting,-0.3832936874963589,-0.3544754797420141,-0.028818207754344793,455,649,194
543228,Yan Gomes,hitting,-0.38414015351186226,-0.18631685204847523,-0.19782330146338703,456,535,79
615698,Cal Quantrill,pitching,-0.38476868120353547,-0.06511563800178646,-0.31965304320174903,457,369,-88
571466,Tucker Barnhart,hitting,-0.38546674653387103,-0.13945331187096888,-0.24601343466290215,458,474,16
641553,Adam Engel,hitting,-0.38736610220825746,-0.18631685204847523,-0.20104925015978223,459,535,76
660731,Anderson Tejeda,hitting,-0.3888751855548099,-0.30249187080657164,-0.08638331474823824,460,627,167
595001,Josh Smith,pitching,-0.38969703698107583,-0.19637851076678953,-0.1933185262142863,461,542,81
607572,Sam Howard,pitching,-0.39082577168417026,-0.10550421423717202,-0.2853215574469983,462,420,-42
519222,Austin Romine,hitting,-0.3916776551974656,-0.1934045841777505,-0.1982730710197151,463,539,76
573204,Caleb Thielbar,pitching,-0.39288808021505145,-0.15598993453140395,-0.2368981456836475,464,491,27
622534,Manuel Margot,hitting,-0.3946866579923798,-0.26271606275834053,-0.13197059523403926,465,608,143
518618,Derek Dietrich,hitting,-0.39613382735283675,-0.20876479045155888,-0.18736903690127787,466,559,93
657140,Kyle Wright,pitching,-0.39913211379721963,-0.07521278206063284,-0.3239193317365868,467,385,-82
572816,Corey Dickerson,hitting,-0.40108830988310545,0.05824098635492886,-0.4593292962380343,468,253,-215
572193,Ryan Tepera,pitching,-0.4043505482265826,-0.06511563800178646,-0.3392349102247961,469,369,-100
641645,Luis Guillorme,hitting,-0.4124990469675333,-0.4430824913390906,0.0305834443715573,470,693,223
668687,Andre Scrubb,pitching,-0.4129069211869682,-0.13579564641371117,-0.27711127477325703,471,465,-6
605412,Joe Panik,hitting,-0.4146382271936972,-0.4308746904518793,0.01623646325818212,472,683,211
489334,Craig Stammen,pitching,-0.4147952082477332,-0.17618422264909675,-0.23861098559863644,473,517,44
542914,Anthony Bass,pitching,-0.4175520790464219,-0.16608707859025035,-0.25146500045617154,474,507,33
435062,Howie Kendrick,hitting,-0.4195842580728008,-0.26271606275834053,-0.15686819531446028,475,608,133
451594,Dexter Fowler,hitting,-0.42112097432235074,-0.15166111275818023,-0.2694598615641705,476,489,13
643778,Tyler Webb,pitching,-0.42149521980851706,-0.18628136670794312,-0.23521385310057394,477,527,50
621514,Christin Stewart,hitting,-0.42210597933381006,-0.30249187080657164,-0.11961410852723842,478,627,149
608700,Kevin Plawecki,hitting,-0.42664584419852986,-0.2575959940004044,-0.16904985019812546,479,607,128
571670,Dylan Floro,pitching,-0.428406627304576,-0.18628136670794312,-0.2421252605966329,480,527,47
572096,Trevor Rosenthal,pitching,-0.4300803000761316,0.005564370410138268,-0.43564467048626987,481,299,-182
641302,Tyler Alexander,pitching,-0.43094311468125907,-0.03482420582524729,-0.39611890885601175,482,338,-144
621129,Kyle Cody,pitching,-0.43498949636542594,-0.19637851076678953,-0.23861098559863642,483,542,59
595909,Jake Cave,hitting,-0.43617974558653577,-0.15166111275818023,-0.28451863282835554,484,489,5
676604,Tyler Zuber,pitching,-0.43774506173988365,-0.07521278206063284,-0.36253227967925084,485,385,-100
641432,Willie Calhoun,hitting,-0.4378000376744569,-0.2749238636455519,-0.16287617402890503,486,616,130
664353,José Urquidy,pitching,-0.43874215128028987,-0.21657279888448228,-0.2221693523958076,487,564,77
502239,Trevor Cahill,pitching,-0.44332822686535306,-0.06511563800178646,-0.37821258886356657,488,369,-119
501981,Khris Davis,hitting,-0.44863705492080985,-0.314699671693783,-0.13393738322702686,489,633,144
572287,Mike Zunino,hitting,-0.4500159895918236,-0.23830046098391774,-0.21171552860790585,490,588,98
517008,Alex Colomé,pitching,-0.4541055762598368,-0.2064756548256359,-0.24762992143420087,491,551,60
459964,Matt Joyce,hitting,-0.4548541663096222,-0.24538819311319301,-0.2094659731964292,492,595,103
592200,Curt Casali,hitting,-0.4557310539254009,-0.1792291199192,-0.27650193400620093,493,524,31
642165,Josh VanMeter,hitting,-0.462432382083376,-0.384011150274373,-0.07842123180900301,494,664,170
462101,Elvis Andrus,hitting,-0.4638289282259336,-0.3198197404517191,-0.14400918777421445,495,635,140
628452,Raisel Iglesias,pitching,-0.46431834169065755,-0.06511563800178646,-0.3992027036888711,496,369,-127
640461,Chad Pinder,hitting,-0.46700042934050495,-0.3666832806292255,-0.10031714871127945,497,655,158
541645,Avisaíl García,hitting,-0.46800147752849336,-0.22806032346804553,-0.23994115406044783,498,577,79
643565,Mike Tauchman,hitting,-0.46833156599044545,-0.35644314311335323,-0.11188842287709222,499,651,152
605488,Jeffrey Springs,pitching,-0.4688582170321404,-0.09540707017832563,-0.3734511468538148,500,409,-91
594809,Adam Eaton,hitting,-0.4698681389269201,-0.11700537346788524,-0.35286276545903483,501,448,-53
662139,Daulton Varsho,hitting,-0.47072908979598704,-0.2505082618711291,-0.22022082792485792,502,599,97
452095,Tyler Flowers,hitting,-0.47381283663117807,-0.46553042974217435,-0.008282406889003724,503,704,201
598264,Matt Barnes,pitching,-0.4738763404839754,-0.06511563800178646,-0.408760702482189,504,369,-135
465657,Joakim Soria,pitching,-0.4770624129760638,-0.1256985023548648,-0.351363910621199,505,450,-55
622092,Kyle Zimmer,pitching,-0.47836209518748946,-0.1156013582960184,-0.36276073689147104,506,435,-71
665926,Andrés Giménez,hitting,-0.47878703255770994,-0.2505082618711291,-0.2282787706865808,507,599,92
656945,Tanner Scott,pitching,-0.4813220522659801,-0.14589279047255757,-0.3354292617934226,508,476,-32
624414,Christian Arroyo,hitting,-0.481681657448871,-0.28516400116142415,-0.19651765628744683,509,621,112
643289,Mauricio Dubón,hitting,-0.48621020593048225,-0.08234963417759025,-0.40386057175289203,510,394,-116
520471,Freddy Galvis,hitting,-0.48767689262039754,0.006257377419486361,-0.4939342700398839,511,297,-214
642397,Gregory Soto,pitching,-0.48823119784890034,-0.08530992611947923,-0.4029212717294211,512,396,-116
435559,Kurt Suzuki,hitting,-0.49095498298994683,-0.176076714532603,-0.3148782684573438,513,516,3
643316,Paul Fry,pitching,-0.4998566158283072,-0.08530992611947923,-0.41454668970882796,514,396,-118
502026,Jeremy Jeffress,pitching,-0.4998791000704445,-0.2064756548256359,-0.2934034452448086,515,551,36
660813,Brusdar Graterol,pitching,-0.5002990675602949,-0.24686423106102146,-0.2534348364992734,516,597,81
663465,Kolby Allard,pitching,-0.5031653949673177,-0.05501849394294006,-0.44814690102437765,517,359,-158
676051,Codi Heuer,pitching,-0.510748985928241,-0.1256985023548648,-0.38505048357337623,518,450,-68
489265,Sergio Romo,pitching,-0.5116624970995944,-0.14589279047255757,-0.3657697066270369,519,476,-43
592879,Asher Wojciechowski,pitching,-0.515323646633789,-0.06511563800178646,-0.4502080086320026,520,369,-151
643418,Shed Long,hitting,-0.5232205849628354,-0.30249187080657164,-0.22072871415626377,521,627,106
641755,Tyler Kinley,pitching,-0.5261921766090768,-0.1156013582960184,-0.4105908183130584,522,435,-87
570666,Luis Cessa,pitching,-0.5275884296629372,-0.2064756548256359,-0.3211127748373013,523,551,28
675921,Spencer Howard,pitching,-0.5283001379736316,-0.14589279047255757,-0.3824073475010741,524,476,-48
621563,Joey Wendle,hitting,-0.531957436681849,-0.09967750382273775,-0.43227993285911126,525,418,-107
514888,José Altuve,hitting,-0.532893907750781,-0.03548609400008389,-0.49740781375069715,526,345,-181
502706,Derek Holland,pitching,-0.5334861217369331,0.076244378822063,-0.6097305005589961,527,229,-298
458708,Josh Tomlin,pitching,-0.5336383533580777,-0.0247270617664009,-0.5089112915916768,528,328,-200
592351,Jon Gray,pitching,-0.5370599671859291,-0.15598993453140395,-0.3810700326545251,529,491,-38
685493,Shun Yamaguchi,pitching,-0.541260855088588,-0.1156013582960184,-0.4256594967925696,530,435,-95
622682,Víctor Reyes,hitting,-0.5414332305634516,-0.11700537346788524,-0.42442785709556635,531,448,-83
656514,Adam Haseley,hitting,-0.5419735190415058,-0.3737710127585007,-0.1682025062830051,532,661,129
605347,Jorge López,pitching,-0.5435453914356824,-0.09540707017832563,-0.44813832125735675,533,409,-124
459429,Jake McGee,pitching,-0.5467276494103014,-0.04492134988409367,-0.5018062995262077,534,350,-184
658668,Edward Olivares,hitting,-0.5471329023535472,-0.2678361315162766,-0.27929677083727056,535,611,76
650633,Mike King,pitching,-0.5507239353339434,-0.1156013582960184,-0.43512257703792495,536,435,-101
518617,Jake Diekman,pitching,-0.5523341851632698,-0.05501849394294006,-0.49731569122032976,537,359,-178
543867,Nik Turley,pitching,-0.5545629453108817,-0.17618422264909675,-0.37837872266178496,538,517,-21
643446,Jeff McNeil,hitting,-0.55595993976806,-0.013038155597000273,-0.5429217841710597,539,319,-220
502517,Daniel Murphy,hitting,-0.5572901526955653,-0.18119678329053912,-0.37609336940502613,540,525,-15
649966,Luis Urías,hitting,-0.5574333046136931,-0.3910988824036482,-0.1663344222100449,541,668,127
542340,Jonathan Villar,hitting,-0.5574600927668569,-0.1934045841777505,-0.3640555085891064,542,539,-3
543068,C. J. Cron,hitting,-0.5593721003479744,-0.27295620027421275,-0.2864159000737616,543,615,72
663698,Joey Bart,hitting,-0.5605419821378483,-0.4604103609842382,-0.10013162115361013,544,701,157
606988,Grayson Greiner,hitting,-0.5621221126195842,-0.3198197404517191,-0.2423023721678651,545,635,90
467055,Pablo Sandoval,hitting,-0.5626214534080602,-0.4308746904518793,-0.13174676295618093,546,683,137
642180,Tyler Wade,hitting,-0.5665911576906211,-0.2678361315162766,-0.29875502617434446,547,611,64
465041,Francisco Cervelli,hitting,-0.5666014195440675,-0.3371476100968666,-0.2294538094472009,548,642,94
623470,Jake Newberry,pitching,-0.567035243990405,-0.13579564641371117,-0.4312395975766938,549,465,-84
657053,Touki Toussaint,pitching,-0.5683519457066032,-0.07521278206063284,-0.4931391636459703,550,385,-165
621005,Tim Lopes,hitting,-0.573900862479379,-0.22806032346804553,-0.3458405390113335,551,577,26
452254,Hunter Pence,hitting,-0.580455394182878,-0.4013390199195205,-0.17911637426335747,552,674,122
664199,Taylor Clarke,pitching,-0.581851942856336,0.025758658527831046,-0.6076106013841671,553,282,-271
643396,Isiah Kiner-Falefa,hitting,-0.5825826299586654,-0.23318039222598164,-0.34940223773268375,554,579,25
641924,Jacob Nottingham,hitting,-0.5840520769687089,-0.18631685204847523,-0.3977352249202336,555,535,-20
660600,Enoli Paredes,pitching,-0.586775040962155,-0.17618422264909675,-0.4105908183130583,556,517,-39
660620,Jonathan Araúz,hitting,-0.5869280887422669,-0.3962189511615844,-0.19070913758068248,557,671,114
608723,Austin Voth,pitching,-0.5904850544595108,0.05605009070437021,-0.646535145163881,558,254,-304
543272,Brad Hand,pitching,-0.5916948850948185,-0.08530992611947923,-0.5063849589753393,559,396,-163
621142,Ty Buttrey,pitching,-0.5919588970878145,-0.19637851076678953,-0.39558038632102493,560,542,-18
543309,Kyle Higashioka,hitting,-0.5937713246777722,-0.23830046098391774,-0.3554708636938544,561,588,27
642528,Jonathan Loáisiga,pitching,-0.5950031901838196,-0.15598993453140395,-0.43901325565241567,562,491,-71
642233,Eric Yardley,pitching,-0.596236938171695,-0.18628136670794312,-0.40995557146375183,563,527,-36
622666,Johan Camargo,hitting,-0.5973312231521076,-0.25562833062906526,-0.34170289252304237,564,603,39
650530,Bryan Garcia,pitching,-0.597486335660384,-0.25696137511986783,-0.3405249605405162,565,605,40
664901,Danny Mendick,hitting,-0.5991251759235688,-0.3198197404517191,-0.2793054354718497,566,635,69
506702,Sandy León,hitting,-0.6003184562135591,-0.43599475920981545,-0.1643236970037436,567,691,124
453343,Mark Melancon,pitching,-0.6025367936292119,-0.23676708700217505,-0.3657697066270368,568,582,14
593144,Richard Rodríguez,pitching,-0.6040894212353141,-0.03482420582524729,-0.5692652154100668,569,338,-231
669720,Austin Hays,hitting,-0.6041077978971704,-0.25562833062906526,-0.34847946726810514,570,603,33
644433,Chadwick Tromp,hitting,-0.606278748724341,-0.23830046098391774,-0.3679782877404232,571,588,17
670950,Trevor Richards,pitching,-0.6062879698140908,-0.10550421423717202,-0.5007837555769188,572,420,-152
571431,Matt Adams,hitting,-0.6074457279274654,-0.349355410984078,-0.2580903169433874,573,645,72
572888,Shane Greene,pitching,-0.6091637657058667,-0.16608707859025035,-0.4430766871156164,574,507,-67
642130,Blake Taylor,pitching,-0.609396926555057,-0.2064756548256359,-0.40292127172942105,575,551,-24
641743,Anthony Kay,pitching,-0.6096176883406479,-0.15598993453140395,-0.4536277538092439,576,491,-85
453281,Wade LeBlanc,pitching,-0.6126339376880583,-0.24686423106102146,-0.36576970662703684,577,597,20
641771,Chad Kuhl,pitching,-0.6144296182629436,0.05605009070437021,-0.6704797089673138,578,254,-324
593833,Wander Suero,pitching,-0.615103373761822,-0.09540707017832563,-0.5196963035834964,579,409,-170
640447,Phil Ervin,hitting,-0.6165150900203352,-0.5297218395648282,-0.08679325045550701,580,721,141
593576,Héctor Neris,pitching,-0.6165584991853871,-0.10550421423717202,-0.511054284948215,581,420,-161
621381,Matt Strahm,pitching,-0.6186564155832098,-0.22666994294332868,-0.3919864726398812,582,572,-10
670032,Nicky Lopez,hitting,-0.6227619170392741,-0.3269074725809944,-0.2958544444582797,583,640,57
660623,Huascar Ynoa,pitching,-0.6260858599210505,-0.2064756548256359,-0.4196102050954146,584,551,-33
670623,Isaac Paredes,hitting,-0.6283600048561643,-0.44820256009702686,-0.18015744475913742,585,698,113
650895,Diego Castillo,pitching,-0.6331113376340409,-0.13579564641371117,-0.49731569122032976,586,465,-121
664702,Myles Straw,hitting,-0.6413228320676018,-0.4604103609842382,-0.18091247108336356,587,701,114
548384,Brooks Raley,pitching,-0.6413642934162893,-0.10550421423717202,-0.5358600791791173,588,420,-168
596001,Jakob Junis,pitching,-0.6458377460678348,-0.18628136670794312,-0.4595563793598917,589,527,-62
622065,Alex Young,pitching,-0.6485755064657354,0.015661514468984658,-0.66423702093472,590,289,-301
664042,Travis Lakins,pitching,-0.6511826750837932,-0.1256985023548648,-0.5254841727289284,591,450,-141
595751,Jorge Alfaro,hitting,-0.6516172767833341,-0.18119678329053912,-0.470420493492795,592,525,-67
488984,Tommy Hunter,pitching,-0.6517853563899321,-0.13579564641371117,-0.515989709976221,593,465,-128
596105,Dwight Smith,hitting,-0.6527311791694511,-0.384011150274373,-0.2687200288950781,594,664,70
669222,Nick Senzel,hitting,-0.6537282955057908,-0.3666832806292255,-0.2870450148765653,595,655,60
542454,Danny Santana,hitting,-0.6550748460980332,-0.4308746904518793,-0.22420015564615392,596,683,87
606132,Raimel Tapia,hitting,-0.6552796242994672,-0.2402681243552569,-0.41501149994421027,597,592,-5
640458,Óscar Mercado,hitting,-0.6578995614343858,-0.4308746904518793,-0.22702487098250645,598,683,85
598287,Noé Ramirez,pitching,-0.6594807370119484,-0.23676708700217505,-0.42271365000977335,599,582,-17
547172,Tony Wolters,hitting,-0.6651206309419317,-0.4604103609842382,-0.20471026995769354,600,701,101
605138,Wes Benjamin,pitching,-0.6669882942718631,-0.16608707859025035,-0.5009012156816128,601,507,-94
500874,José Martínez,hitting,-0.6688341609879144,-0.314699671693783,-0.3541344892941314,602,633,31
425772,Jeff Mathis,hitting,-0.6695529015348852,-0.30249187080657164,-0.3670610307283136,603,627,24
488671,Alex Avila,hitting,-0.6784636427956229,-0.5175140386776168,-0.16094960411800607,604,720,116
643290,Justin Dunn,pitching,-0.6801749128045456,0.005564370410138268,-0.6857392832146838,605,299,-306
452657,Jon Lester,pitching,-0.6812770816940401,0.04595294664552382,-0.727230028339564,606,266,-340
650893,Génesis Cabrera,pitching,-0.6836706182080281,-0.05501849394294006,-0.628652124265088,607,359,-248
502624,Chase Anderson,pitching,-0.68726320894715,0.005564370410138268,-0.6928275793572882,608,299,-309
543939,Kolten Wong,hitting,-0.6903744913353648,-0.2402681243552569,-0.45010636698010786,609,592,-17
656232,Brandon Bielak,pitching,-0.6913185479932927,-0.1156013582960184,-0.5757171896972744,610,435,-175
608597,Ronald Guzmán,hitting,-0.6972960615106311,-0.22097259133877026,-0.47632347017186083,611,568,-43
519390,Stephen Vogt,hitting,-0.7015721286046498,-0.4308746904518793,-0.2706974381527705,612,683,71
664059,Sam Haggerty,hitting,-0.7039042532764542,-0.44820256009702686,-0.25570169317942737,613,698,85
645302,Víctor Robles,hitting,-0.7045754758354411,-0.16386891364539163,-0.5407065621900495,614,504,-110
642708,Amed Rosario,hitting,-0.7117127519191121,-0.13433324311303274,-0.5773795088060794,615,463,-152
664058,David Fletcher,hitting,-0.7133679267527371,-0.14654104400024412,-0.5668268827524929,616,487,-129
501303,Ehire Adrianza,hitting,-0.7137395546091851,-0.5123939699196807,-0.20134558468950448,617,718,101
607461,Matt Beaty,hitting,-0.7148286442545376,-0.41866688956466797,-0.29616175468986966,618,678,60
572020,James Paxton,pitching,-0.7149298475535979,-0.1156013582960184,-0.5993284892575795,619,435,-184
641447,Daniel Castano,pitching,-0.7156233660665295,-0.25696137511986783,-0.4586619909466617,620,605,-15
663662,Daz Cameron,hitting,-0.7202717577106311,-0.5470497092099756,-0.17322204850065548,621,726,105
656775,Cedric Mullins,hitting,-0.7246205268041129,-0.2505082618711291,-0.4741122649329838,622,599,-23
620443,Luis Torrens,hitting,-0.7308564229551454,-0.44820256009702686,-0.28265386285811855,623,698,75
641796,Tim Locastro,hitting,-0.7324893804322666,-0.384011150274373,-0.34847823015789364,624,664,40
641941,Emilio Pagán,pitching,-0.7374280967032565,-0.14589279047255757,-0.5915353062306989,625,476,-149
670056,Caleb Baragar,pitching,-0.7394199646272066,-0.18628136670794312,-0.5531385979192635,626,527,-99
605490,Bubba Starling,hitting,-0.7429526473975203,-0.46553042974217435,-0.27742221765534597,627,704,77
621028,Kevin Newman,hitting,-0.7461843934209854,-0.36156321187128937,-0.38462118154969605,628,653,25
647351,Abraham Toro,hitting,-0.7466315813828537,-0.30249187080657164,-0.44413971057628204,629,627,-2
665862,Jazz Chisholm,hitting,-0.7466525734406774,-0.4013390199195205,-0.3453135535211569,630,674,44
548389,Ross Stripling,pitching,-0.7493836252029107,0.025758658527831046,-0.7751422837307418,631,282,-349
643327,Zack Godley,pitching,-0.7509010329624487,-0.09540707017832563,-0.6554939627841231,632,409,-223
448179,Rich Hill,pitching,-0.7553256492587884,-0.06511563800178646,-0.690210011257002,633,369,-264
571974,J. R. Murphy,hitting,-0.7602936668856405,-0.5470497092099756,-0.21324395767566484,634,726,92
573124,Taylor Rogers,pitching,-0.7617739902268307,-0.1256985023548648,-0.6360754878719659,635,450,-185
666158,Gavin Lux,hitting,-0.763677468477625,-0.3198197404517191,-0.44385772802590584,636,635,-1
658069,Joshua Fuentes,hitting,-0.7641951763218487,-0.210732453822898,-0.5534627224989508,637,560,-77
673451,Shogo Akiyama,hitting,-0.7661071644346462,-0.4430824913390906,-0.3230246730955556,638,693,55
571666,Mike Fiers,pitching,-0.7665244539226694,-0.0045327736487081206,-0.7619916802739614,639,307,-332
595981,Scott Heineman,hitting,-0.7677740313414766,-0.4308746904518793,-0.3368993408895973,640,683,43
607054,Jace Peterson,hitting,-0.7732171447975701,-0.41866688956466797,-0.3545502552329021,641,678,37
596451,Roman Quinn,hitting,-0.7737056329016312,-0.3666832806292255,-0.4070223522724057,642,655,13
609280,Miguel Andújar,hitting,-0.7755608117261524,-0.46553042974217435,-0.3100303819839781,643,704,61
593372,Carlos Martínez,pitching,-0.7781359157031335,-0.2064756548256359,-0.5716602608774976,644,551,-93
621295,Nick Wittgren,pitching,-0.7802360001170816,-0.09540707017832563,-0.684828929938756,645,409,-236
445213,Brandon Kintzler,pitching,-0.7811199974264497,-0.23676708700217505,-0.5443529104242746,646,582,-64
605155,Colten Brewer,pitching,-0.7851247200531419,-0.1256985023548648,-0.6594262176982771,647,450,-197
543475,Jordan Lyles,pitching,-0.7890229376502766,-0.01462991770755451,-0.7743930199427221,648,321,-327
656186,Dan Altavilla,pitching,-0.7969249864588885,-0.13579564641371117,-0.6611293400451774,649,465,-184
571657,Kyle Farmer,hitting,-0.7985862814077765,-0.5297218395648282,-0.26886444184294833,650,721,71
676480,José Barrero,hitting,-0.8013362936793865,-0.5297218395648282,-0.2716144541145583,651,721,70
650859,Luis Rengifo,hitting,-0.8078048782447119,-0.48285829938732183,-0.3249465788573901,652,709,57
607560,Ryne Harper,pitching,-0.8082314349311343,-0.1256985023548648,-0.6825329325762695,653,450,-203
571788,Brock Holt,hitting,-0.8118640615423254,-0.47773823062938564,-0.33412583091293974,654,708,54
608032,Carlos Estévez,pitching,-0.8120099531898834,-0.10550421423717202,-0.7065057389527114,655,420,-235
571901,Aaron Loup,pitching,-0.8127996448915441,-0.15598993453140395,-0.6568097103601401,656,491,-165
643393,Tony Kemp,hitting,-0.8134396799494287,-0.5297218395648282,-0.28371784038460046,657,721,64
543339,Daniel Hudson,pitching,-0.8145880189175305,-0.09540707017832563,-0.7191809487392049,658,409,-249
663432,Tanner Rainey,pitching,-0.8178598106206494,-0.06511563800178646,-0.752744172618863,659,369,-290
592261,Delino DeShields,hitting,-0.8182247537800028,-0.4430824913390906,-0.3751422624409122,660,693,33
642152,Lou Trivino,pitching,-0.8184871186298821,-0.1156013582960184,-0.7028857603338637,661,435,-226
656605,Mitch Keller,pitching,-0.8200889240716001,-0.22666994294332868,-0.5934189811282714,662,572,-90
592743,Andrelton Simmons,hitting,-0.8201161400354401,-0.40842675204879575,-0.41168938798664434,663,676,13
663611,Nick Madrigal,hitting,-0.8213913122552684,-0.3910988824036482,-0.4302924298516202,664,668,4
455139,Robinson Chirinos,hitting,-0.8216415694973128,-0.4308746904518793,-0.3907668790454335,665,683,18
642203,Taylor Widener,pitching,-0.8237123935695319,-0.15598993453140395,-0.6677224590381279,666,491,-175
593528,Jorge Bonifacio,hitting,-0.8264069767637258,-0.210732453822898,-0.6156745229408278,667,560,-107
641729,Joe Jiménez,pitching,-0.8285073892007684,-0.15598993453140395,-0.6725174546693644,668,491,-177
621249,Duane Underwood,pitching,-0.8314279995578968,-0.10550421423717202,-0.7259237853207248,669,420,-249
519299,Eric Sogard,hitting,-0.8352147801796571,-0.36156321187128937,-0.47365156830836774,670,653,-17
543281,Josh Harrison,hitting,-0.8392463416984537,-0.1985246529356866,-0.6407216887627671,671,548,-123
663538,Nico Hoerner,hitting,-0.8431580521219106,-0.3737710127585007,-0.4693870393634099,672,661,-11
656547,Jonathan Holder,pitching,-0.8442096009618985,-0.23676708700217505,-0.6074425139597234,673,582,-91
656509,Monte Harrison,hitting,-0.8465454641186202,-0.48285829938732183,-0.36368716473129836,674,709,35
606157,Aristides Aquino,hitting,-0.8517681509709593,-0.3666832806292255,-0.48508487034173375,675,655,-20
543699,Tanner Roark,pitching,-0.8523884822555658,0.035855802586677435,-0.8882442848422433,676,273,-403
543901,Ryan Weber,pitching,-0.8525602777713326,-0.1156013582960184,-0.7369589194753142,677,435,-242
607200,Erick Fedde,pitching,-0.8531039377167711,-0.09540707017832563,-0.7576968675384455,678,409,-269
425877,Yadier Molina,hitting,-0.8623866068551002,-0.13433324311303274,-0.7280533637420674,679,463,-216
592644,Adam Plutko,pitching,-0.8628920277350026,-0.22666994294332868,-0.636222084791674,680,572,-108
668942,Josh Rojas,hitting,-0.8677390305511493,-0.5643775788551232,-0.30336145169602613,681,733,52
571656,Buck Farmer,pitching,-0.8728425748741409,-0.23676708700217505,-0.6360754878719658,682,582,-100
544725,Leury García,hitting,-0.8734519243215079,-0.30249187080657164,-0.5709600535149362,683,627,-56
519008,T. J. McFarland,pitching,-0.8736802945315489,-0.287252807296407,-0.5864274872351419,684,622,-62
516770,Starlin Castro,hitting,-0.8749586292582014,-0.43599475920981545,-0.438963870048386,685,691,6
656793,Nick Nelson,pitching,-0.8754034595071178,-0.19637851076678953,-0.6790249487403284,686,542,-144
661255,Yoan López,pitching,-0.8777021389296596,-0.21657279888448228,-0.6611293400451774,687,564,-123
656546,Jeff Hoffman,pitching,-0.8844148047799131,-0.17618422264909675,-0.7082305821308164,688,517,-171
657061,Cole Tucker,hitting,-0.8850070997851976,-0.41354682080673183,-0.4714602789784658,689,677,-12
649557,Aledmys Díaz,hitting,-0.8878821071701309,-0.3544754797420141,-0.5334066274281168,690,649,-41
445055,Jon Jay,hitting,-0.9001530487404561,-0.48285829938732183,-0.41729474935313426,691,709,18
543101,Anthony DeSclafani,pitching,-0.904257240743249,-0.1256985023548648,-0.7785587383883842,692,450,-242
666198,Carter Kieboom,hitting,-0.9177333819921346,-0.4430824913390906,-0.474650890653044,693,693,0
606299,José Peraza,hitting,-0.9230513514378722,-0.3962189511615844,-0.5268324002762879,694,671,-23
595375,JT Riddle,hitting,-0.9270670543532518,-0.5348419083227643,-0.3922251460304874,695,725,30
475479,David Phelps,pitching,-0.9333733598750034,-0.06511563800178646,-0.8682577218732169,696,369,-327
605612,Harold Castro,hitting,-0.934131364943727,-0.5470497092099756,-0.3870816557337513,697,726,29
570632,José Ureña,pitching,-0.9403315536742731,-0.22666994294332868,-0.7136616107309445,698,572,-126
605548,Bradley Zimmer,hitting,-0.9424513825401926,-0.5001861690324694,-0.4422652135077232,699,714,15
621532,Anthony Bemboom,hitting,-0.9456798367198515,-0.37180334938716164,-0.5738764873326898,700,660,-40
642201,Eli White,hitting,-0.9487792832473635,-0.5470497092099756,-0.40172957403738785,701,726,25
624418,Ryan Castellani,pitching,-0.9541898662569277,-0.13579564641371117,-0.8183942198432166,702,465,-237
621311,David Dahl,hitting,-0.9602424222297284,-0.42575462169394324,-0.5344878005357852,703,682,-21
545121,Ildemaro Vargas,hitting,-0.9628412848188544,-0.5001861690324694,-0.4626551157863851,704,714,10
621433,Brett Phillips,hitting,-0.9640228268054791,-0.41866688956466797,-0.5453559372408112,705,678,-27
669289,Santiago Espinal,hitting,-0.9646371990811873,-0.49506610027453324,-0.46957109880665404,706,712,6
605353,Vimael Machín,hitting,-0.9667298207500258,-0.5817054485002706,-0.38502437224975516,707,735,28
663554,Casey Mize,pitching,-0.9685730424082095,-0.1156013582960184,-0.8529716841121912,708,435,-273
670912,Johan Oviedo,pitching,-0.9751696881751105,-0.21657279888448228,-0.7585968892906283,709,564,-145
642731,Thairo Estrada,hitting,-0.9897934544975464,-0.5001861690324694,-0.48960728546507704,710,714,4
625643,Reynaldo López,pitching,-0.9967946756154312,-0.14589279047255757,-0.8509018851428737,711,476,-235
448801,Chris Davis,hitting,-1.0133999866501495,-0.5817054485002706,-0.4316945381498789,712,735,23
642423,Magneuris Sierra,hitting,-1.0217124588367072,-0.4430824913390906,-0.5786299674976166,713,693,-20
588751,Adeiny Hechavarría,hitting,-1.0384196890044524,-0.5643775788551232,-0.4740421101493292,714,733,19
518553,Steve Cishek,pitching,-1.0426795473250507,-0.16608707859025035,-0.8765924687348003,715,507,-208
444468,Héctor Rondón,pitching,-1.0535197083509495,-0.14589279047255757,-0.907626917878392,716,476,-240
665621,Rony García,pitching,-1.0666475801148543,-0.23676708700217505,-0.8298804931126792,717,582,-135
595956,Cam Gallagher,hitting,-1.0849151377766257,-0.5001861690324694,-0.5847289687441564,718,714,-4
433589,Yusmeiro Petit,pitching,-1.090150763848935,-0.19637851076678953,-0.8937722530821455,719,542,-177
623205,Andrew Velazquez,hitting,-1.0931799121390178,-0.5470497092099756,-0.5461302029290421,720,726,6
572362,Robbie Erlin,pitching,-1.0981608165871677,-0.1256985023548648,-0.9724623142323029,721,450,-271
623168,Tyler Heineman,hitting,-1.1007015797398239,-0.5817054485002706,-0.5189961312395532,722,735,13
553882,Omar Narváez,hitting,-1.108298094311438,-0.33202754133893053,-0.7762705529725075,723,641,-82
663765,Jake Woodford,pitching,-1.1312960084877801,-0.21657279888448228,-0.9147232096032978,724,564,-160
643217,Andrew Benintendi,hitting,-1.1452312513828795,-0.5817054485002706,-0.5635258028826089,725,735,10
657611,Cam Hill,pitching,-1.1461717997641911,-0.19637851076678953,-0.9497932889974017,726,542,-184
502481,Jarrod Dyson,hitting,-1.1462665317851155,-0.5123939699196807,-0.6338725618654348,727,718,-9
605242,Michael Fulmer,pitching,-1.1534576184368153,-0.17618422264909675,-0.9772733957877185,728,517,-211
545064,Jairo Díaz,pitching,-1.1663240015514174,-0.2064756548256359,-0.9598483467257815,729,551,-178
543883,Nick Vincent,pitching,-1.1990696762774669,-0.2064756548256359,-0.992594021451831,730,551,-179
542255,Ender Inciarte,hitting,-1.2031678855889667,-0.3788910815164369,-0.8242768040725298,731,663,-68
593643,Hanser Alberto,hitting,-1.2539813118328151,-0.042573826129359144,-1.211407485703456,732,349,-383
664045,Thomas Eshelman,pitching,-1.2759483335238815,-0.22666994294332868,-1.0492783905805527,733,572,-161
624407,Tzu-Wei Lin,hitting,-1.2874391544274435,-0.5470497092099756,-0.7403894452174679,734,726,-8
594824,Greg Garcia,hitting,-1.301818820868136,-0.3910988824036482,-0.9107199384644878,735,668,-67
543829,Dee Strange-Gordon,hitting,-1.3345156656705948,-0.5470497092099756,-0.7874659564606191,736,726,-10
518516,Madison Bumgarner,pitching,-1.3583972238868398,-0.07521278206063284,-1.283184441826207,737,385,-352
527054,Julio Teherán,pitching,-1.5078799051370333,-0.17618422264909675,-1.3316956824879365,738,517,-221
